embodiment,budget_min,worlds,real_pct_mean,real_pct_min,real_pct_max,real_total,goals_total,false_total,void_total,coverage_mean_m2,impacts_total
aerial,1.0,10,33.3,16.7,50.0,20,60,0,0,169.0,56
aerial,2.5,10,45.0,33.3,83.3,27,60,0,0,206.4,39
aerial,5.0,10,63.3,33.3,100.0,38,60,0,0,238.3,21
aerial,10.0,10,68.3,33.3,100.0,41,60,0,0,245.0,12
wheeled,1.0,10,45.0,33.3,66.7,27,60,1,0,136.0,
wheeled,2.5,10,43.3,16.7,83.3,26,60,0,0,171.4,
wheeled,5.0,10,45.0,16.7,83.3,27,60,0,0,203.7,
wheeled,10.0,10,58.3,16.7,100.0,35,60,0,0,246.1,
wheeled_nav2,1.0,10,33.3,16.7,66.7,20,60,1,0,143.1,
wheeled_nav2,2.5,10,33.3,16.7,66.7,20,60,1,0,158.1,
wheeled_nav2,5.0,10,33.3,0.0,66.7,20,58,1,2,176.9,
wheeled_nav2,10.0,10,31.7,16.7,50.0,18,57,0,3,193.6,
