arm,world,budget_min,tour_try,sim_t,x,y,object,on_map,belief_err_m,goal,attempt_end,goal_outcome,duration_s,moved_3s_m,turned_3s_deg,body_part
aerial,20260723008,1.0,try2,94.5,5.01,-4.0,partition,yes,0.11,g03,ABORTED impact,impact,,,,
aerial,20260723008,1.0,try2,97.9,5.11,-4.02,partition,yes,0.11,,,,,,,
aerial,20260723008,1.0,try2,108.9,5.14,-3.96,partition,yes,0.21,g03,ABORTED impact,impact,,,,
aerial,20260723008,1.0,try2,115.9,4.86,-4.38,partition,yes,0.43,g04,ABORTED impact,impact,,,,
aerial,20260723008,1.0,try2,128.1,0.62,-5.87,furniture,no,0.74,g04,ABORTED impact,impact,,,,
aerial,20260723008,1.0,try2,165.3,5.01,-4.93,partition,yes,1.13,g05,ABORTED impact,impact,,,,
aerial,20260723008,1.0,try2,186.1,8.92,0.1,furniture,no,1.19,g05,ABORTED impact,impact,,,,
aerial,20260723008,1.0,try2,188.3,9.04,0.2,furniture,no,1.32,,,,,,,
aerial,20260723008,1.0,try2,191.1,9.04,-0.05,outer wall,none,1.89,g06,ABORTED impact,impact,,,,
aerial,20260723008,1.0,try2,209.5,8.64,0.19,furniture,no,2.67,g06,ABORTED impact,impact,,,,
aerial,20260723008,2.5,try2,95.3,4.93,-3.92,partition,yes,0.87,g03,ABORTED impact,real,,,,
aerial,20260723008,2.5,try2,128.0,0.36,-5.57,furniture,no,0.46,g04,ABORTED impact,impact,,,,
aerial,20260723008,2.5,try2,141.6,0.28,-5.43,furniture,no,0.44,g04,ABORTED impact,impact,,,,
aerial,20260723008,2.5,try2,170.4,5.3,-5.01,partition,no,0.59,g05,ABORTED impact,blocked,,,,
aerial,20260723008,2.5,try2,262.9,-3.22,-6.66,partition,none,0.57,g06,ABORTED impact,impact,,,,
aerial,20260723002,2.5,try1,66.7,5.38,3.92,partition,no,0.41,g03,ABORTED impact,impact,,,,
aerial,20260723002,2.5,try1,72.1,5.47,3.85,partition,no,0.58,,,,,,,
aerial,20260723002,2.5,try1,74.3,5.43,3.94,partition,no,0.83,g03,ABORTED impact,impact,,,,
aerial,20260723002,2.5,try1,77.0,5.24,3.87,partition,no,0.62,,,,,,,
aerial,20260723002,2.5,try1,79.3,5.2,3.81,partition,no,0.61,g04,ABORTED impact,impact,,,,
aerial,20260723002,2.5,try1,91.7,5.22,3.8,partition,no,0.62,,,,,,,
aerial,20260723002,2.5,try1,94.5,5.31,3.92,partition,no,0.24,g04,ABORTED impact,impact,,,,
aerial,20260723002,2.5,try1,103.5,5.92,3.9,partition,yes,1.37,g05,ABORTED impact,impact,,,,
aerial,20260723002,2.5,try1,109.4,5.64,3.93,partition,yes,1.18,g05,ABORTED impact,impact,,,,
aerial,20260723002,5.0,try1,69.7,4.93,5.65,partition,no,0.84,g03,ABORTED impact,impact,,,,
aerial,20260723002,5.0,try1,78.4,4.9,6.41,partition,no,1.38,g03,ABORTED impact,impact,,,,
aerial,20260723002,5.0,try1,88.0,5.5,9.26,outer wall,yes,8.68,g04,ABORTED impact,impact,,,,
aerial,20260723002,5.0,try1,99.1,4.95,7.56,partition,yes,7.48,g04,ABORTED impact,impact,,,,
aerial,20260723002,5.0,try1,104.9,4.94,7.55,partition,yes,7.47,g05,ABORTED impact,impact,,,,
aerial,20260723002,5.0,try1,115.6,4.91,7.41,partition,yes,7.19,g05,ABORTED impact,impact,,,,
aerial,20260723002,5.0,try1,122.9,4.9,7.26,partition,yes,7.07,,,,,,,
aerial,20260723002,5.0,try1,125.0,4.91,7.26,partition,yes,7.18,g06,ABORTED impact,impact,,,,
aerial,20260723002,5.0,try1,133.7,4.93,7.41,partition,yes,7.32,g06,ABORTED impact,impact,,,,
aerial,20260723003,1.0,try1,92.8,-3.93,3.99,partition,no,1.76,g03,ABORTED impact,impact,,,,
aerial,20260723003,1.0,try1,114.3,-4.0,3.91,partition,no,0.45,g03,ABORTED impact,impact,,,,
aerial,20260723003,1.0,try1,127.8,-3.99,3.91,partition,no,0.63,g05,ABORTED impact,impact,,,,
aerial,20260723003,1.0,try1,140.5,-3.98,4.06,partition,no,0.49,g05,ABORTED impact,impact,,,,
aerial,20260723003,1.0,try1,160.9,-0.46,5.49,furniture,no,0.83,g06,ABORTED impact,impact,,,,
aerial,20260723003,1.0,try1,163.5,-0.43,5.53,furniture,no,0.84,,,,,,,
aerial,20260723003,1.0,try1,171.0,-0.58,6.13,furniture,no,0.56,g06,ABORTED impact,impact,,,,
aerial,20260723003,2.5,try1,86.9,-3.97,6.77,furniture,no,3.69,g03,ABORTED impact,contact,,,,
aerial,20260723003,2.5,try1,98.3,-3.58,5.74,furniture,none,2.66,,,,,,,
aerial,20260723003,5.0,try1,74.9,6.36,3.68,partition,yes,1.0,g03,ABORTED impact,real,,,,
aerial,20260723003,5.0,try1,122.0,-6.08,-2.15,furniture,no,0.37,g04,ABORTED impact,impact,,,,
aerial,20260723003,5.0,try1,124.6,-5.91,-2.14,furniture,no,0.37,,,,,,,
aerial,20260723003,5.0,try1,136.5,-6.38,-2.56,furniture,no,0.31,g04,ABORTED impact,impact,,,,
aerial,20260723003,10.0,try1,118.0,-5.98,-2.16,furniture,no,0.48,g04,ABORTED impact,impact,,,,
aerial,20260723003,10.0,try1,120.1,-5.63,-1.82,furniture,no,0.89,,,,,,,
aerial,20260723003,10.0,try1,133.2,-6.14,-2.27,furniture,no,0.42,g04,ABORTED impact,impact,,,,
aerial,20260723004,1.0,try1,87.6,-5.16,-4.15,partition,no,0.87,g03,ABORTED impact,impact,,,,
aerial,20260723004,1.0,try1,93.7,-5.02,-4.16,partition,no,0.92,g03,ABORTED impact,impact,,,,
aerial,20260723004,1.0,try1,98.2,-5.0,-4.17,partition,no,0.86,g04,ABORTED impact,impact,,,,
aerial,20260723004,1.0,try1,120.7,-5.04,-4.18,partition,no,0.85,g04,ABORTED impact,impact,,,,
aerial,20260723004,1.0,try1,124.1,-4.99,-4.19,partition,no,0.98,g05,ABORTED impact,impact,,,,
aerial,20260723004,1.0,try1,134.8,-4.46,-4.82,partition,no,12.97,g05,ABORTED impact,impact,,,,
aerial,20260723004,1.0,try1,141.0,-4.37,-5.1,partition,no,12.78,g06,ABORTED impact,impact,,,,
aerial,20260723004,1.0,try1,149.2,-3.7,-5.58,partition,no,12.9,g06,ABORTED impact,impact,,,,
aerial,20260723004,2.5,try1,73.5,-9.53,-3.68,outer wall,no,20.37,g03,ABORTED impact,impact,,,,
aerial,20260723004,2.5,try1,82.7,-8.91,-4.04,partition,no,17.56,g03,ABORTED impact,impact,,,,
aerial,20260723004,2.5,try1,87.1,-7.99,-4.15,partition,no,15.57,g04,ABORTED impact,no_path,,,,
aerial,20260723004,5.0,try1,57.6,-6.48,1.02,furniture,yes,0.34,g02,ABORTED impact,real,,,,
aerial,20260723004,5.0,try1,73.5,-9.15,-4.14,partition,no,18.73,g03,ABORTED impact,impact,,,,
aerial,20260723004,5.0,try1,82.3,-9.35,-3.65,outer wall,no,18.83,g03,ABORTED impact,impact,,,,
aerial,20260723004,10.0,try1,61.4,-6.59,0.77,furniture,yes,0.32,g02,ABORTED impact,real,,,,
aerial,20260723004,10.0,try1,77.2,-9.47,-3.7,outer wall,no,16.83,g03,ABORTED impact,no_path,,,,
aerial,20260723005,1.0,try1,52.5,-1.4,-4.02,furniture,no,0.32,g02,ABORTED impact,impact,,,,
aerial,20260723005,1.0,try1,58.9,-1.46,-4.42,furniture,no,0.22,g02,ABORTED impact,impact,,,,
aerial,20260723005,1.0,try1,75.9,3.86,-3.42,partition,no,0.48,g03,ABORTED impact,impact,,,,
aerial,20260723005,1.0,try1,84.4,3.9,-3.56,partition,no,0.57,g03,ABORTED impact,impact,,,,
aerial,20260723005,1.0,try1,109.3,3.88,-5.46,partition,no,2.68,g04,ABORTED impact,impact,,,,
aerial,20260723005,1.0,try1,113.6,3.81,-5.31,partition,no,2.52,,,,,,,
aerial,20260723005,1.0,try1,123.6,3.97,-4.68,partition,no,1.78,g04,ABORTED impact,impact,,,,
aerial,20260723005,1.0,try1,128.8,3.9,-5.5,partition,no,2.97,g05,ABORTED impact,impact,,,,
aerial,20260723005,1.0,try1,132.9,3.87,-5.82,partition,no,3.29,,,,,,,
aerial,20260723005,1.0,try1,144.9,4.01,-7.04,partition,no,4.52,g05,ABORTED impact,impact,,,,
aerial,20260723005,1.0,try1,153.0,4.04,-7.54,partition,yes,4.82,g06,ABORTED impact,impact,,,,
aerial,20260723005,1.0,try1,168.2,0.01,-3.25,partition,no,3.64,g06,ABORTED impact,impact,,,,
aerial,20260723005,2.5,try1,91.7,-0.21,9.37,outer wall,no,0.46,g03,ABORTED impact,impact,,,,
aerial,20260723005,2.5,try1,99.9,-0.23,9.37,outer wall,no,0.16,g03,ABORTED impact,impact,,,,
aerial,20260723013,1.0,try1,44.6,3.4,6.15,partition,yes,0.14,g02,ABORTED impact,impact,,,,
aerial,20260723013,1.0,try1,68.5,4.66,-3.22,partition,no,0.58,g02,ABORTED impact,impact,,,,
aerial,20260723013,1.0,try1,87.4,9.33,-2.96,outer wall,no,14.43,g04,ABORTED impact,no_path,,,,
aerial,20260723013,1.0,try1,89.6,9.36,-3.17,outer wall,no,14.54,,,,,,,
aerial,20260723013,2.5,try1,91.3,-7.33,-4.21,partition,yes,0.13,g03,ABORTED impact,impact,,,,
aerial,20260723013,2.5,try1,145.5,6.89,-0.32,furniture,no,0.44,g03,ABORTED impact,impact,,,,
aerial,20260723013,2.5,try1,192.3,6.91,-3.19,partition,no,0.57,g04,ABORTED impact,impact,,,,
aerial,20260723013,2.5,try1,206.6,6.77,-1.7,furniture,no,0.44,g05,ABORTED impact,real,,,,
aerial,20260723013,5.0,try1,67.6,-7.12,-3.75,partition,yes,0.49,g02,ABORTED impact,real,,,,
aerial,20260723013,5.0,try1,99.6,-7.31,-4.22,partition,yes,0.12,g03,ABORTED impact,real,,,,
aerial,20260723013,10.0,try1,202.7,-7.15,-3.77,partition,yes,0.27,g06,ABORTED impact,real,,,,
aerial,20260723016,1.0,try1,63.5,-5.05,1.33,partition,no,0.65,g02,ABORTED impact,impact,,,,
aerial,20260723016,1.0,try1,73.4,-6.2,-1.11,furniture,no,0.34,g02,ABORTED impact,impact,,,,
aerial,20260723016,2.5,try1,222.3,-5.99,-2.75,furniture,no,0.32,g05,ABORTED impact,blocked,,,,
aerial,20260723016,2.5,try1,259.2,-6.13,-2.81,furniture,no,1.13,g06,ABORTED impact,impact,,,,
aerial,20260723016,2.5,try1,261.5,-6.15,-2.68,furniture,no,1.26,,,,,,,
aerial,20260723016,2.5,try1,273.2,-6.35,-4.29,furniture,none,2.72,g06,ABORTED impact,impact,,,,
aerial,20260723016,5.0,try1,158.4,-5.52,-2.73,furniture,no,0.59,g04,ABORTED impact,blocked,,,,
aerial,20260723016,5.0,try1,258.4,-5.52,-2.76,furniture,no,0.84,g06,ABORTED impact,impact,,,,
aerial,20260723016,5.0,try1,271.9,-5.53,-2.76,furniture,no,0.96,g06,ABORTED impact,impact,,,,
aerial,20260723016,10.0,try1,188.6,-6.0,-2.79,furniture,no,3.46,g04,ABORTED impact,impact,,,,
aerial,20260723016,10.0,try1,190.9,-6.08,-2.77,furniture,no,3.49,,,,,,,
aerial,20260723016,10.0,try1,195.9,-5.41,-2.8,furniture,no,5.03,g05,ABORTED impact,impact,,,,
aerial,20260723016,10.0,try1,203.0,-5.02,-3.17,partition,no,4.37,g05,ABORTED impact,impact,,,,
aerial,20260723016,10.0,try1,220.8,-5.01,2.64,partition,no,6.41,g06,ABORTED impact,impact,,,,
aerial,20260723016,10.0,try1,228.2,-5.04,4.04,partition,no,6.61,g06,ABORTED impact,impact,,,,
aerial,20260723023,1.0,try1,41.5,-0.11,2.85,partition,yes,0.14,g02,ABORTED impact,real,,,,
aerial,20260723023,1.0,try1,58.5,3.82,3.53,partition,no,0.76,g03,ABORTED impact,impact,,,,
aerial,20260723023,1.0,try1,62.5,3.84,3.29,partition,no,0.57,,,,,,,
aerial,20260723023,1.0,try1,68.9,3.88,3.19,partition,no,0.81,g03,ABORTED impact,impact,,,,
aerial,20260723023,1.0,try1,83.1,3.85,3.11,partition,no,0.55,g04,ABORTED impact,impact,,,,
aerial,20260723023,1.0,try1,102.7,3.87,3.34,partition,no,0.81,g04,ABORTED impact,impact,,,,
aerial,20260723023,1.0,try1,122.1,3.81,3.28,partition,no,0.89,g05,ABORTED impact,impact,,,,
aerial,20260723023,1.0,try1,124.2,3.93,3.37,partition,no,1.03,,,,,,,
aerial,20260723023,1.0,try1,139.2,3.85,3.14,partition,no,0.65,g05,ABORTED impact,impact,,,,
aerial,20260723023,1.0,try1,144.0,3.84,3.3,partition,no,0.74,,,,,,,
aerial,20260723023,1.0,try1,146.9,3.86,3.28,partition,no,0.94,g06,ABORTED impact,impact,,,,
aerial,20260723023,1.0,try1,154.1,3.88,3.62,partition,no,1.24,,,,,,,
aerial,20260723023,1.0,try1,181.9,-1.52,5.43,furniture,no,0.1,g06,ABORTED impact,impact,,,,
aerial,20260723023,2.5,try1,63.9,6.33,2.97,partition,no,0.43,g03,ABORTED impact,impact,,,,
aerial,20260723023,2.5,try1,77.4,6.33,3.02,partition,no,0.57,g03,ABORTED impact,impact,,,,
aerial,20260723023,2.5,try1,81.2,6.34,3.01,partition,no,0.59,,,,,,,
aerial,20260723023,2.5,try1,82.4,6.23,3.39,partition,none,0.62,g04,ABORTED impact,impact,,,,
aerial,20260723023,2.5,try1,99.5,7.17,2.89,partition,no,10.68,g04,ABORTED impact,impact,,,,
aerial,20260723023,2.5,try1,101.6,7.35,2.98,partition,no,10.87,,,,,,,
aerial,20260723023,2.5,try1,104.9,8.51,2.98,partition,no,11.78,g05,ABORTED impact,impact,,,,
aerial,20260723023,2.5,try1,114.1,7.8,2.96,partition,no,10.39,g05,ABORTED impact,impact,,,,
aerial,20260723023,2.5,try1,127.5,6.92,2.81,partition,no,9.31,g06,ABORTED impact,impact,,,,
aerial,20260723023,2.5,try1,143.4,6.56,2.19,partition,no,8.05,g06,ABORTED impact,impact,,,,
wheeled,20260723008,1.0,try1,116.1,-7.18,4.09,furniture,no,3.37,g03,ABORTED contact,contact,82.8,0.85,51,corner
wheeled,20260723008,1.0,try1,211.7,-7.03,4.23,furniture,yes,3.11,g03,ABORTED contact,contact,43.4,0.4,60,side
wheeled,20260723008,1.0,try1,268.7,-9.49,2.3,outer wall,no,3.76,g04,ABORTED too_narrow,other,11.7,0.86,11,corner
wheeled,20260723008,1.0,try1,283.0,-9.56,0.04,outer wall,no,3.28,g04,ABORTED too_narrow,other,3.5,0.89,56,wheel
wheeled,20260723008,1.0,try1,305.8,-9.5,-3.98,outer wall,no,8.96,g04,ABORTED too_narrow,other,21.3,0.49,129,corner
wheeled,20260723008,1.0,try1,356.2,-4.5,-5.16,partition,no,3.73,g05,ABORTED blocked,blocked,19.6,0.78,65,corner
wheeled,20260723008,1.0,try1,380.8,-4.7,-4.87,partition,no,3.82,g05,ABORTED blocked,blocked,39.8,0.3,88,corner
wheeled,20260723008,1.0,try1,424.1,-4.72,-4.87,partition,no,3.81,g06,ABORTED blocked,blocked,19.0,0.29,4,corner
wheeled,20260723008,2.5,try1,225.1,-3.67,-6.13,partition,yes,0.42,g04,SUCCEEDED claimed,real,0.4,0.49,69,corner
wheeled,20260723008,2.5,try1,245.5,-4.04,-6.63,partition,yes,0.09,g05,ABORTED contact,blocked,1.8,0.86,12,wheel
wheeled,20260723008,2.5,try1,259.1,-0.61,-5.6,furniture,yes,0.19,g05,ABORTED contact,blocked,25.9,0.77,18,corner
wheeled,20260723008,2.5,try1,365.8,-3.69,-6.12,partition,yes,0.41,g06,ABORTED blocked,real,21.4,0.61,66,front/back
wheeled,20260723008,5.0,try1,168.4,4.58,-4.06,partition,yes,0.04,g03,ABORTED blocked,blocked,19.1,0.61,88,front/back
wheeled,20260723008,5.0,try1,191.8,4.56,-4.06,partition,yes,0.07,g03,ABORTED blocked,blocked,43.9,0.16,48,corner
wheeled,20260723008,5.0,try1,274.6,-3.68,-6.07,partition,yes,0.1,g04,ABORTED blocked,blocked,20.5,0.53,85,front/back
wheeled,20260723008,5.0,try1,310.4,-0.15,-5.34,furniture,yes,0.06,g05,SUCCEEDED claimed,real,1.6,0.76,67,wheel
wheeled,20260723008,5.0,try1,387.4,4.49,6.19,furniture,yes,0.11,g06,ABORTED contact,contact,23.2,0.86,3,corner
wheeled,20260723008,5.0,try1,415.1,3.91,6.0,furniture,yes,0.08,g06,ABORTED contact,contact,20.3,0.36,116,corner
wheeled,20260723008,10.0,try1,173.6,4.61,-4.06,partition,yes,0.02,g03,ABORTED blocked,blocked,20.5,0.61,81,corner
wheeled,20260723008,10.0,try1,198.2,4.63,-4.12,partition,yes,0.07,g03,ABORTED blocked,blocked,44.1,0.19,62,side
wheeled,20260723008,10.0,try1,280.7,-3.69,-6.12,partition,yes,0.04,g04,ABORTED blocked,blocked,20.4,0.62,67,front/back
wheeled,20260723008,10.0,try1,423.0,-3.94,5.5,partition,yes,0.09,g06,ABORTED contact,real,24.7,0.66,74,wheel
wheeled,20260723008,10.0,try1,458.8,-5.45,3.75,furniture,yes,0.23,g06,SUCCEEDED claimed,real,0.4,0.85,22,corner
wheeled,20260723001,5.0,try1,242.8,7.34,4.97,furniture,yes,0.32,g04,ABORTED blocked,blocked,0.3,0.86,19,corner
wheeled,20260723001,5.0,try1,346.3,6.01,-2.43,partition,no,12.22,g05,ABORTED too_narrow,blocked,28.4,0.86,4,corner
wheeled,20260723001,5.0,try1,377.8,5.15,-2.32,partition,no,11.66,g05,ABORTED blocked,blocked,22.4,0.25,104,corner
wheeled,20260723001,5.0,try1,411.6,5.33,-2.42,partition,no,11.94,g06,ABORTED blocked,blocked,16.2,0.45,127,corner
wheeled,20260723001,10.0,try1,241.4,7.25,4.78,furniture,yes,0.29,g04,ABORTED contact,blocked,22.1,0.86,14,wheel
wheeled,20260723001,10.0,try1,265.8,7.15,4.74,furniture,yes,0.27,g04,ABORTED blocked,blocked,1.7,0.31,103,corner
wheeled,20260723001,10.0,try1,321.5,5.09,6.93,partition,no,0.27,g05,ABORTED blocked,real,20.4,0.42,90,corner
wheeled,20260723001,10.0,try1,427.7,4.36,7.33,partition,yes,0.02,g06,ABORTED contact,blocked,29.6,0.41,94,side
wheeled,20260723002,2.5,try1,170.9,6.73,4.51,partition,no,2.63,g04,ABORTED blocked,blocked,40.6,0.77,106,corner
wheeled,20260723002,2.5,try1,273.8,9.5,8.33,outer wall,no,17.15,g06,ABORTED blocked,blocked,13.4,0.82,25,corner
wheeled,20260723002,2.5,try1,312.4,9.51,6.63,outer wall,no,15.78,g06,ABORTED blocked,blocked,0.8,0.44,63,corner
wheeled,20260723002,5.0,try1,105.6,4.68,6.44,partition,no,1.45,g03,ABORTED blocked,blocked,0.7,0.77,55,front/back
wheeled,20260723002,5.0,try1,109.9,4.76,6.73,partition,no,10.06,g03,ABORTED blocked,blocked,19.9,0.42,111,corner
wheeled,20260723002,5.0,try1,136.4,5.28,9.51,outer wall,yes,15.15,g03,ABORTED blocked,blocked,35.6,0.86,10,corner
wheeled,20260723002,5.0,try1,175.5,5.38,9.52,outer wall,yes,15.27,g04,ABORTED blocked,blocked,40.2,0.25,8,corner
wheeled,20260723002,5.0,try1,219.2,5.35,9.52,outer wall,yes,15.29,g05,ABORTED blocked,blocked,40.5,0.24,13,corner
wheeled,20260723002,5.0,try1,263.2,5.45,9.5,outer wall,yes,15.39,g06,ABORTED blocked,blocked,19.1,0.25,27,corner
wheeled,20260723002,10.0,try1,130.1,3.93,6.51,partition,yes,0.08,g04,ABORTED blocked,real,20.5,0.82,30,corner
wheeled,20260723002,10.0,try1,256.7,4.01,1.31,partition,yes,0.05,g06,SUCCEEDED claimed,real,12.1,0.64,103,side
wheeled,20260723003,1.0,try1,85.9,5.82,2.73,partition,yes,0.06,g02,ABORTED blocked,contact,27.7,0.68,72,corner
wheeled,20260723003,1.0,try1,116.6,5.98,2.98,partition,yes,0.1,g02,ABORTED contact,contact,24.3,0.29,126,wheel
wheeled,20260723003,1.0,try1,278.1,3.52,-1.81,furniture,yes,0.02,g06,ABORTED blocked,blocked,24.0,0.86,12,corner
wheeled,20260723003,2.5,try1,85.1,5.84,2.79,partition,yes,0.04,g02,ABORTED contact,real,31.8,0.68,74,side
wheeled,20260723003,2.5,try1,159.2,-4.16,3.63,partition,no,0.62,g03,ABORTED blocked,blocked,1.3,0.86,21,corner
wheeled,20260723003,2.5,try1,204.8,-4.15,4.24,partition,no,1.01,g04,ABORTED blocked,contact,1.2,0.22,72,corner
wheeled,20260723003,2.5,try1,216.4,-4.15,6.94,partition,no,4.7,g04,ABORTED blocked,contact,19.1,0.46,95,corner
wheeled,20260723003,2.5,try1,240.1,-3.67,8.42,furniture,no,6.77,g04,ABORTED contact,contact,34.8,0.82,62,corner
wheeled,20260723003,5.0,try1,85.4,5.81,2.72,partition,yes,0.05,g02,ABORTED blocked,real,29.0,0.7,57,corner
wheeled,20260723003,5.0,try1,405.3,5.91,2.74,partition,yes,0.04,g06,ABORTED blocked,real,20.4,0.84,39,corner
wheeled,20260723003,10.0,try1,84.7,5.84,2.77,partition,yes,0.02,g02,ABORTED blocked,blocked,73.4,0.67,60,side
wheeled,20260723003,10.0,try1,310.1,5.82,2.75,partition,yes,0.05,g06,ABORTED blocked,blocked,19.9,0.63,68,front/back
wheeled,20260723003,10.0,try1,334.3,5.8,2.73,partition,yes,0.03,g06,ABORTED blocked,blocked,19.8,0.19,54,corner
wheeled,20260723004,1.0,try1,123.4,-6.1,-4.3,partition,no,7.59,g03,ABORTED blocked,blocked,16.2,0.86,6,corner
wheeled,20260723004,1.0,try1,143.0,-5.99,-4.29,partition,no,7.31,g03,ABORTED blocked,blocked,14.4,0.25,20,corner
wheeled,20260723004,1.0,try1,165.6,-3.58,-4.07,partition,no,4.0,g03,ABORTED blocked,blocked,20.3,0.82,20,corner
wheeled,20260723004,1.0,try1,213.7,-3.58,-3.74,partition,no,3.66,g04,ABORTED blocked,blocked,39.8,0.15,72,corner
wheeled,20260723004,1.0,try1,261.6,-5.05,-1.73,furniture,no,3.82,g05,ABORTED blocked,blocked,24.3,0.86,5,corner
wheeled,20260723004,1.0,try1,310.1,-5.07,-1.56,furniture,no,3.91,g06,ABORTED blocked,blocked,19.6,0.14,5,corner
wheeled,20260723004,1.0,try1,333.1,-5.08,-1.48,furniture,no,3.93,g06,ABORTED blocked,blocked,19.1,0.25,49,corner
wheeled,20260723004,2.5,try1,73.8,-2.94,4.35,partition,yes,0.07,g02,ABORTED blocked,real,22.9,0.6,73,wheel
wheeled,20260723004,2.5,try1,152.4,-3.57,-5.24,partition,no,0.39,g03,ABORTED blocked,contact,1.1,0.83,76,corner
wheeled,20260723004,2.5,try1,181.5,-3.57,-6.08,partition,yes,1.0,g03,ABORTED contact,contact,23.8,0.21,85,corner
wheeled,20260723004,2.5,try1,274.3,-4.87,-5.19,partition,no,0.3,g06,SUCCEEDED claimed,real,0.1,0.73,46,corner
wheeled,20260723004,5.0,try1,128.1,-3.57,-5.24,partition,no,0.32,g03,ABORTED blocked,blocked,1.1,0.85,78,corner
wheeled,20260723004,5.0,try1,249.2,-4.99,-5.13,partition,no,0.3,g06,ABORTED blocked,real,29.0,0.62,14,side
wheeled,20260723004,5.0,try1,280.9,-4.65,-4.96,partition,yes,0.14,g06,SUCCEEDED claimed,real,0.7,0.28,131,wheel
wheeled,20260723004,10.0,try1,127.2,-3.56,-5.19,partition,no,0.34,g03,ABORTED blocked,blocked,35.6,0.76,92,corner
wheeled,20260723004,10.0,try1,177.2,-3.97,-9.51,outer wall,no,6.84,g03,ABORTED blocked,blocked,20.0,0.82,14,corner
wheeled,20260723004,10.0,try1,201.0,-4.08,-9.5,outer wall,no,6.88,g03,ABORTED blocked,blocked,20.4,0.15,49,corner
wheeled,20260723004,10.0,try1,233.5,-3.61,-7.41,partition,no,3.67,g04,ABORTED blocked,blocked,22.5,0.86,19,corner
wheeled,20260723004,10.0,try1,280.3,-3.6,-7.27,partition,no,3.56,g05,ABORTED blocked,blocked,19.5,0.15,26,corner
wheeled,20260723004,10.0,try1,303.3,-3.6,-7.15,partition,no,3.59,g05,ABORTED blocked,blocked,1.3,0.24,26,corner
wheeled,20260723004,10.0,try1,316.8,-4.09,-9.5,outer wall,yes,12.92,g05,ABORTED blocked,blocked,20.0,0.8,12,corner
wheeled,20260723004,10.0,try1,340.0,-3.57,-9.5,partition,no,11.75,g06,ABORTED blocked,no_path,18.4,0.52,84,corner
wheeled,20260723005,1.0,try1,146.4,4.05,-3.26,partition,no,0.51,g03,ABORTED blocked,blocked,1.3,0.85,5,corner
wheeled,20260723005,1.0,try1,192.7,4.04,-3.79,partition,no,0.59,g04,ABORTED blocked,real,1.4,0.34,88,corner
wheeled,20260723005,1.0,try1,199.0,4.05,-5.58,partition,no,0.41,g04,ABORTED blocked,real,9.4,0.86,24,wheel
wheeled,20260723005,1.0,try1,230.7,4.02,-6.64,partition,no,0.37,g04,SUCCEEDED claimed,real,1.9,0.15,19,corner
wheeled,20260723005,2.5,try1,145.7,4.05,-3.28,partition,no,0.57,g03,ABORTED blocked,blocked,1.3,0.86,6,corner
wheeled,20260723005,2.5,try1,200.3,4.06,-6.24,partition,no,3.63,g04,ABORTED contact,contact,25.2,0.85,23,corner
wheeled,20260723005,2.5,try1,256.2,4.0,-6.32,partition,no,0.42,g04,ABORTED contact,contact,32.0,0.86,31,corner
wheeled,20260723005,5.0,try1,141.1,4.03,-3.32,partition,no,0.53,g03,ABORTED blocked,blocked,0.9,0.82,13,corner
wheeled,20260723005,5.0,try1,196.1,4.06,-6.44,partition,no,0.56,g04,ABORTED contact,real,23.6,0.86,47,wheel
wheeled,20260723005,5.0,try1,222.2,4.0,-6.74,partition,no,0.8,g04,SUCCEEDED claimed,real,3.1,0.3,105,corner
wheeled,20260723005,5.0,try1,237.1,4.89,-6.75,partition,no,10.94,g05,ABORTED blocked,blocked,26.2,0.67,88,corner
wheeled,20260723005,5.0,try1,266.7,4.87,-6.57,partition,no,14.34,g05,ABORTED blocked,blocked,19.5,0.26,6,corner
wheeled,20260723005,5.0,try1,311.2,9.5,-8.62,outer wall,no,16.74,g06,ABORTED blocked,blocked,48.9,0.85,10,corner
wheeled,20260723005,5.0,try1,364.0,9.54,-5.12,outer wall,no,12.42,g06,ABORTED blocked,blocked,8.5,0.35,125,corner
wheeled,20260723005,5.0,try1,375.5,9.47,-3.19,partition,no,10.18,g06,ABORTED blocked,blocked,1.7,0.87,72,corner
wheeled,20260723005,10.0,try1,147.5,4.05,-3.26,partition,no,0.51,g03,ABORTED blocked,blocked,1.3,0.85,5,corner
wheeled,20260723005,10.0,try1,203.1,4.02,-6.1,partition,no,0.5,g04,ABORTED contact,blocked,24.9,0.8,32,corner
wheeled,20260723005,10.0,try1,231.5,4.02,-6.81,partition,no,6.95,g04,ABORTED blocked,blocked,38.2,0.33,102,corner
wheeled,20260723005,10.0,try1,289.9,0.13,-7.37,furniture,yes,8.85,g05,ABORTED blocked,blocked,0.4,0.75,37,corner
wheeled,20260723005,10.0,try1,306.4,-2.71,-7.45,furniture,no,12.22,g05,ABORTED blocked,blocked,45.5,0.86,13,front/back
wheeled,20260723005,10.0,try1,359.4,-1.99,-9.52,outer wall,no,16.17,g05,ABORTED blocked,blocked,20.5,0.84,21,corner
wheeled,20260723005,10.0,try1,383.4,-1.89,-9.5,outer wall,no,16.25,g05,ABORTED blocked,blocked,20.3,0.24,29,corner
wheeled,20260723005,10.0,try1,406.2,-0.31,-9.53,outer wall,no,16.96,g05,ABORTED blocked,blocked,11.8,0.61,90,corner
wheeled,20260723005,10.0,try1,438.7,-2.27,-9.52,outer wall,no,14.23,g05,ABORTED blocked,blocked,1.8,0.76,70,corner
wheeled,20260723005,10.0,try1,444.5,-2.49,-8.73,furniture,no,14.32,g06,ABORTED blocked,blocked,16.7,0.68,74,corner
wheeled,20260723005,10.0,try1,467.6,-2.43,-9.5,outer wall,no,14.68,g06,ABORTED blocked,blocked,25.4,0.86,63,corner
wheeled,20260723013,1.0,try1,58.3,1.08,3.73,furniture,yes,0.23,g02,ABORTED blocked,blocked,0.4,0.85,31,corner
wheeled,20260723013,1.0,try1,97.8,-6.87,-3.33,partition,yes,0.02,g02,ABORTED blocked,blocked,23.2,0.72,65,corner
wheeled,20260723013,1.0,try1,124.7,-6.89,-3.34,partition,yes,0.06,g02,ABORTED blocked,blocked,19.3,0.14,62,corner
wheeled,20260723013,2.5,try1,95.7,-6.89,-3.34,partition,yes,0.02,g02,ABORTED blocked,blocked,51.3,0.77,49,corner
wheeled,20260723013,2.5,try1,185.7,-6.91,-3.41,partition,yes,0.02,g06,ABORTED blocked,blocked,48.0,0.51,92,side
wheeled,20260723013,5.0,try1,100.6,4.32,-4.8,partition,no,1.0,g02,ABORTED blocked,blocked,15.1,0.68,65,corner
wheeled,20260723013,5.0,try1,125.9,4.43,-9.54,outer wall,no,13.07,g02,ABORTED blocked,blocked,11.6,0.85,2,corner
wheeled,20260723013,5.0,try1,142.7,4.29,-9.15,partition,no,12.31,g02,ABORTED blocked,blocked,38.7,0.31,96,corner
wheeled,20260723013,5.0,try1,185.7,4.33,-8.92,partition,no,11.84,g03,ABORTED blocked,blocked,44.1,0.27,40,corner
wheeled,20260723013,5.0,try1,250.8,7.37,-4.21,partition,no,6.7,g04,ABORTED blocked,blocked,1.1,0.86,5,corner
wheeled,20260723013,5.0,try1,254.5,7.28,-4.2,partition,no,6.62,g05,ABORTED blocked,blocked,18.1,0.25,119,corner
wheeled,20260723013,5.0,try1,276.5,7.11,-4.22,partition,no,6.28,g05,ABORTED blocked,blocked,39.9,0.29,40,corner
wheeled,20260723013,5.0,try1,321.1,6.64,-4.2,partition,no,5.39,g06,ABORTED blocked,blocked,17.9,0.38,65,corner
wheeled,20260723013,10.0,try1,95.3,-6.87,-3.35,partition,yes,0.07,g02,ABORTED blocked,blocked,20.5,0.66,64,corner
wheeled,20260723013,10.0,try1,119.7,-6.88,-3.35,partition,yes,0.07,g02,ABORTED blocked,blocked,19.3,0.15,56,corner
wheeled,20260723013,10.0,try1,191.8,3.47,5.67,partition,yes,0.03,g03,ABORTED blocked,blocked,20.1,0.68,67,corner
wheeled,20260723013,10.0,try1,216.6,3.44,5.68,partition,yes,0.04,g03,ABORTED blocked,blocked,69.5,0.17,59,corner
wheeled,20260723016,1.0,try1,170.2,-4.96,4.21,partition,no,0.51,g03,ABORTED blocked,blocked,1.2,0.86,13,corner
wheeled,20260723016,1.0,try1,220.5,-5.88,4.2,partition,no,0.92,g04,ABORTED blocked,blocked,44.5,0.27,63,corner
wheeled,20260723016,2.5,try1,170.1,-4.97,4.21,partition,no,0.48,g03,ABORTED blocked,blocked,1.3,0.85,12,corner
wheeled,20260723016,2.5,try1,273.0,-8.02,1.77,furniture,yes,6.44,g05,ABORTED blocked,real,8.4,0.86,4,corner
wheeled,20260723016,2.5,try1,394.5,-4.02,1.52,partition,yes,0.04,g06,ABORTED blocked,real,20.3,0.62,71,corner
wheeled,20260723016,5.0,try1,113.8,-5.33,-2.15,furniture,no,0.41,g02,SUCCEEDED claimed,real,1.3,0.72,53,wheel
wheeled,20260723016,5.0,try1,202.5,-4.94,4.21,partition,no,0.5,g03,ABORTED blocked,blocked,1.0,0.85,5,corner
wheeled,20260723016,10.0,try1,161.3,-4.68,1.64,partition,yes,0.13,g03,ABORTED blocked,real,26.4,0.62,92,side
wheeled,20260723016,10.0,try1,407.5,2.9,-1.59,furniture,yes,0.01,g06,ABORTED blocked,real,20.5,0.86,18,corner
wheeled,20260723016,10.0,try1,431.9,2.83,-1.58,furniture,yes,0.08,g06,SUCCEEDED claimed,real,0.2,0.18,56,corner
wheeled,20260723018,1.0,try1,211.2,-8.22,9.51,outer wall,no,15.59,g04,ABORTED blocked,blocked,6.8,0.79,16,corner
wheeled,20260723018,1.0,try1,221.5,-8.14,9.52,outer wall,no,16.02,g04,ABORTED blocked,blocked,19.3,0.24,20,corner
wheeled,20260723018,1.0,try1,245.5,-7.09,9.52,outer wall,no,15.19,g05,SUCCEEDED claimed,false,23.7,0.67,100,corner
wheeled,20260723018,1.0,try1,290.0,-3.55,7.93,furniture,no,10.86,g06,ABORTED blocked,contact,20.4,0.55,86,corner
wheeled,20260723018,1.0,try1,316.5,-3.81,7.74,furniture,no,10.74,g06,ABORTED contact,contact,20.3,0.44,106,wheel
wheeled,20260723018,2.5,try1,295.9,-4.4,3.2,partition,no,0.32,g05,ABORTED contact,contact,43.4,0.34,103,side
wheeled,20260723018,5.0,try1,63.3,-4.75,2.53,partition,yes,0.05,g02,ABORTED blocked,blocked,0.1,0.76,67,corner
wheeled,20260723018,5.0,try1,189.2,-8.0,6.44,furniture,no,16.81,g04,ABORTED blocked,blocked,17.8,0.4,122,corner
wheeled,20260723018,5.0,try1,210.7,-8.05,6.7,furniture,no,17.19,g04,ABORTED blocked,blocked,40.0,0.27,37,corner
wheeled,20260723018,5.0,try1,258.0,-8.2,7.87,furniture,no,18.71,g05,ABORTED contact,contact,22.6,0.77,51,corner
wheeled,20260723018,10.0,try1,266.1,2.19,8.16,partition,no,17.88,g04,ABORTED blocked,blocked,9.7,0.63,59,corner
wheeled,20260723023,1.0,try1,45.4,-0.01,2.21,partition,yes,0.02,g02,ABORTED blocked,real,22.8,0.66,86,wheel
wheeled,20260723023,1.0,try1,141.1,4.07,4.38,partition,no,0.55,g04,ABORTED blocked,other,0.5,0.14,21,corner
wheeled,20260723023,1.0,try1,154.6,6.71,5.37,furniture,no,9.66,g04,ABORTED blocked,other,17.7,0.69,65,corner
wheeled,20260723023,1.0,try1,209.7,9.48,9.55,outer wall,no,15.95,g04,ABORTED too_narrow,other,1.4,0.85,8,corner
wheeled,20260723023,1.0,try1,229.0,9.5,8.09,outer wall,no,14.33,g05,ABORTED blocked,contact,4.9,0.59,62,wheel
wheeled,20260723023,1.0,try1,252.7,7.33,2.87,partition,no,6.37,g05,ABORTED blocked,contact,20.3,0.86,2,corner
wheeled,20260723023,1.0,try1,276.7,7.18,2.79,partition,no,6.0,g05,ABORTED contact,contact,41.7,0.27,67,side
wheeled,20260723023,1.0,try1,325.6,5.59,1.97,partition,no,1.67,g06,ABORTED blocked,blocked,19.0,0.81,70,corner
wheeled,20260723023,2.5,try1,46.0,-0.01,2.21,partition,yes,0.02,g02,ABORTED blocked,real,22.5,0.74,69,wheel
wheeled,20260723023,2.5,try1,141.7,4.09,4.37,partition,no,0.6,g04,ABORTED blocked,blocked,0.6,0.15,21,corner
wheeled,20260723023,2.5,try1,163.0,9.52,5.6,outer wall,no,18.83,g04,ABORTED blocked,blocked,12.8,0.86,2,corner
wheeled,20260723023,2.5,try1,193.5,8.4,7.85,furniture,no,20.05,g04,ABORTED blocked,blocked,41.0,0.73,39,corner
wheeled,20260723023,2.5,try1,238.3,8.61,8.0,furniture,no,19.69,g05,ABORTED blocked,blocked,43.2,0.14,50,corner
wheeled,20260723023,2.5,try1,285.5,8.75,8.09,furniture,no,19.73,g06,ABORTED blocked,blocked,18.5,0.12,53,corner
wheeled,20260723023,5.0,try1,46.1,-0.03,2.22,partition,yes,0.02,g02,SUCCEEDED claimed,real,0.5,0.61,87,wheel
wheeled,20260723023,5.0,try1,262.4,-5.02,9.55,outer wall,no,19.19,g06,ABORTED blocked,blocked,11.6,0.85,1,corner
wheeled,20260723023,5.0,try1,277.5,-5.05,9.53,outer wall,no,19.15,g06,ABORTED blocked,blocked,19.2,0.24,10,corner
wheeled,20260723023,10.0,try1,45.5,-0.01,2.21,partition,yes,0.06,g02,ABORTED blocked,real,22.3,0.75,67,wheel
wheeled,20260723023,10.0,try1,130.5,7.11,2.7,partition,yes,0.1,g05,SUCCEEDED claimed,real,0.5,0.43,118,wheel
