arm,world,budget_min,tour_try,goal,outcome,attempts,last_end,metres
aerial,20260723008,1.0,try2,g01,real,1,SUCCEEDED claimed,0.2
aerial,20260723008,1.0,try2,g02,real,1,SUCCEEDED claimed,0.33
aerial,20260723008,1.0,try2,g03,impact,2,ABORTED impact,
aerial,20260723008,1.0,try2,g04,impact,2,ABORTED impact,
aerial,20260723008,1.0,try2,g05,impact,2,ABORTED impact,
aerial,20260723008,1.0,try2,g06,impact,2,ABORTED impact,
aerial,20260723008,2.5,try2,g01,real,1,SUCCEEDED claimed,0.29
aerial,20260723008,2.5,try2,g02,real,1,SUCCEEDED claimed,0.41
aerial,20260723008,2.5,try2,g03,real,2,SUCCEEDED claimed,0.26
aerial,20260723008,2.5,try2,g04,impact,2,ABORTED impact,
aerial,20260723008,2.5,try2,g05,blocked,2,ABORTED blocked,
aerial,20260723008,2.5,try2,g06,impact,2,ABORTED impact,
aerial,20260723008,5.0,try1,g01,real,1,SUCCEEDED claimed,0.31
aerial,20260723008,5.0,try1,g02,real,1,SUCCEEDED claimed,0.39
aerial,20260723008,5.0,try1,g03,real,1,SUCCEEDED claimed,0.26
aerial,20260723008,5.0,try1,g04,real,1,SUCCEEDED claimed,0.42
aerial,20260723008,5.0,try1,g05,real,1,SUCCEEDED claimed,0.42
aerial,20260723008,5.0,try1,g06,real,1,SUCCEEDED claimed,0.26
aerial,20260723008,10.0,try2,g01,real,1,SUCCEEDED claimed,0.29
aerial,20260723008,10.0,try2,g02,real,1,SUCCEEDED claimed,0.38
aerial,20260723008,10.0,try2,g03,real,1,SUCCEEDED claimed,0.22
aerial,20260723008,10.0,try2,g04,real,1,SUCCEEDED claimed,0.49
aerial,20260723008,10.0,try2,g05,real,1,SUCCEEDED claimed,0.48
aerial,20260723008,10.0,try2,g06,real,1,SUCCEEDED claimed,0.22
aerial,20260723001,1.0,try1,g01,real,1,SUCCEEDED claimed,0.25
aerial,20260723001,1.0,try1,g02,no_path,2,ABORTED no_path,
aerial,20260723001,1.0,try1,g03,no_path,2,ABORTED no_path,
aerial,20260723001,1.0,try1,g04,no_path,2,ABORTED no_path,
aerial,20260723001,1.0,try1,g05,real,1,SUCCEEDED claimed,0.51
aerial,20260723001,1.0,try1,g06,no_path,2,ABORTED no_path,
aerial,20260723001,2.5,try1,g01,real,1,SUCCEEDED claimed,0.53
aerial,20260723001,2.5,try1,g02,no_path,2,ABORTED no_path,
aerial,20260723001,2.5,try1,g03,no_path,2,ABORTED no_path,
aerial,20260723001,2.5,try1,g04,no_path,2,ABORTED no_path,
aerial,20260723001,2.5,try1,g05,real,1,SUCCEEDED claimed,0.45
aerial,20260723001,2.5,try1,g06,no_path,2,ABORTED no_path,
aerial,20260723001,5.0,try1,g01,real,1,SUCCEEDED claimed,0.37
aerial,20260723001,5.0,try1,g02,no_path,2,ABORTED no_path,
aerial,20260723001,5.0,try1,g03,no_path,2,ABORTED no_path,
aerial,20260723001,5.0,try1,g04,no_path,2,ABORTED no_path,
aerial,20260723001,5.0,try1,g05,real,1,SUCCEEDED claimed,0.3
aerial,20260723001,5.0,try1,g06,no_path,2,ABORTED no_path,
aerial,20260723001,10.0,try1,g01,real,1,SUCCEEDED claimed,0.18
aerial,20260723001,10.0,try1,g02,no_path,2,ABORTED no_path,
aerial,20260723001,10.0,try1,g03,no_path,2,ABORTED no_path,
aerial,20260723001,10.0,try1,g04,no_path,2,ABORTED no_path,
aerial,20260723001,10.0,try1,g05,real,1,SUCCEEDED claimed,0.29
aerial,20260723001,10.0,try1,g06,no_path,2,ABORTED no_path,
aerial,20260723002,1.0,try2,g01,real,1,SUCCEEDED claimed,0.31
aerial,20260723002,1.0,try2,g02,no_path,2,ABORTED no_path,
aerial,20260723002,1.0,try2,g03,no_path,2,ABORTED no_path,
aerial,20260723002,1.0,try2,g04,no_path,2,ABORTED no_path,
aerial,20260723002,1.0,try2,g05,real,1,SUCCEEDED claimed,1.17
aerial,20260723002,1.0,try2,g06,no_path,2,ABORTED no_path,
aerial,20260723002,2.5,try1,g01,real,1,SUCCEEDED claimed,0.24
aerial,20260723002,2.5,try1,g02,real,1,SUCCEEDED claimed,0.4
aerial,20260723002,2.5,try1,g03,impact,2,ABORTED impact,
aerial,20260723002,2.5,try1,g04,impact,2,ABORTED impact,
aerial,20260723002,2.5,try1,g05,impact,2,ABORTED impact,
aerial,20260723002,2.5,try1,g06,real,1,SUCCEEDED claimed,0.25
aerial,20260723002,5.0,try1,g01,real,1,SUCCEEDED claimed,0.27
aerial,20260723002,5.0,try1,g02,real,1,SUCCEEDED claimed,0.31
aerial,20260723002,5.0,try1,g03,impact,2,ABORTED impact,
aerial,20260723002,5.0,try1,g04,impact,2,ABORTED impact,
aerial,20260723002,5.0,try1,g05,impact,2,ABORTED impact,
aerial,20260723002,5.0,try1,g06,impact,2,ABORTED impact,
aerial,20260723002,10.0,try1,g01,real,1,SUCCEEDED claimed,0.35
aerial,20260723002,10.0,try1,g02,real,1,SUCCEEDED claimed,0.23
aerial,20260723002,10.0,try1,g03,no_path,2,ABORTED no_path,
aerial,20260723002,10.0,try1,g04,real,1,SUCCEEDED claimed,0.46
aerial,20260723002,10.0,try1,g05,real,1,SUCCEEDED claimed,0.17
aerial,20260723002,10.0,try1,g06,real,1,SUCCEEDED claimed,0.54
aerial,20260723003,1.0,try1,g01,real,1,SUCCEEDED claimed,0.34
aerial,20260723003,1.0,try1,g02,real,1,SUCCEEDED claimed,0.49
aerial,20260723003,1.0,try1,g03,impact,2,ABORTED impact,
aerial,20260723003,1.0,try1,g04,no_path,2,ABORTED no_path,
aerial,20260723003,1.0,try1,g05,impact,2,ABORTED impact,
aerial,20260723003,1.0,try1,g06,impact,2,ABORTED impact,
aerial,20260723003,2.5,try1,g01,real,1,SUCCEEDED claimed,0.32
aerial,20260723003,2.5,try1,g02,real,1,SUCCEEDED claimed,0.54
aerial,20260723003,2.5,try1,g03,contact,2,ABORTED contact,
aerial,20260723003,2.5,try1,g04,contact,2,ABORTED contact,
aerial,20260723003,2.5,try1,g05,contact,2,ABORTED contact,
aerial,20260723003,2.5,try1,g06,contact,2,ABORTED contact,
aerial,20260723003,5.0,try1,g01,real,1,SUCCEEDED claimed,0.18
aerial,20260723003,5.0,try1,g02,real,1,SUCCEEDED claimed,0.2
aerial,20260723003,5.0,try1,g03,real,2,SUCCEEDED claimed,0.24
aerial,20260723003,5.0,try1,g04,impact,2,ABORTED impact,
aerial,20260723003,5.0,try1,g05,real,1,SUCCEEDED claimed,0.24
aerial,20260723003,5.0,try1,g06,real,1,SUCCEEDED claimed,0.31
aerial,20260723003,10.0,try1,g01,real,1,SUCCEEDED claimed,0.27
aerial,20260723003,10.0,try1,g02,real,1,SUCCEEDED claimed,0.4
aerial,20260723003,10.0,try1,g03,real,1,SUCCEEDED claimed,0.13
aerial,20260723003,10.0,try1,g04,impact,2,ABORTED impact,
aerial,20260723003,10.0,try1,g05,real,1,SUCCEEDED claimed,0.39
aerial,20260723003,10.0,try1,g06,real,1,SUCCEEDED claimed,0.44
aerial,20260723004,1.0,try1,g01,real,1,SUCCEEDED claimed,0.26
aerial,20260723004,1.0,try1,g02,real,1,SUCCEEDED claimed,0.29
aerial,20260723004,1.0,try1,g03,impact,2,ABORTED impact,
aerial,20260723004,1.0,try1,g04,impact,2,ABORTED impact,
aerial,20260723004,1.0,try1,g05,impact,2,ABORTED impact,
aerial,20260723004,1.0,try1,g06,impact,2,ABORTED impact,
aerial,20260723004,2.5,try1,g01,real,1,SUCCEEDED claimed,0.22
aerial,20260723004,2.5,try1,g02,real,1,SUCCEEDED claimed,0.22
aerial,20260723004,2.5,try1,g03,impact,2,ABORTED impact,
aerial,20260723004,2.5,try1,g04,no_path,2,ABORTED no_path,
aerial,20260723004,2.5,try1,g05,no_path,2,ABORTED no_path,
aerial,20260723004,2.5,try1,g06,no_path,2,ABORTED no_path,
aerial,20260723004,5.0,try1,g01,real,1,SUCCEEDED claimed,0.47
aerial,20260723004,5.0,try1,g02,real,2,SUCCEEDED claimed,0.34
aerial,20260723004,5.0,try1,g03,impact,2,ABORTED impact,
aerial,20260723004,5.0,try1,g04,no_path,2,ABORTED no_path,
aerial,20260723004,5.0,try1,g05,no_path,2,ABORTED no_path,
aerial,20260723004,5.0,try1,g06,no_path,2,ABORTED no_path,
aerial,20260723004,10.0,try1,g01,real,1,SUCCEEDED claimed,0.39
aerial,20260723004,10.0,try1,g02,real,2,SUCCEEDED claimed,0.48
aerial,20260723004,10.0,try1,g03,no_path,2,ABORTED no_path,
aerial,20260723004,10.0,try1,g04,no_path,2,ABORTED no_path,
aerial,20260723004,10.0,try1,g05,no_path,2,ABORTED no_path,
aerial,20260723004,10.0,try1,g06,no_path,2,ABORTED no_path,
aerial,20260723005,1.0,try1,g01,real,1,SUCCEEDED claimed,0.22
aerial,20260723005,1.0,try1,g02,impact,2,ABORTED impact,
aerial,20260723005,1.0,try1,g03,impact,2,ABORTED impact,
aerial,20260723005,1.0,try1,g04,impact,2,ABORTED impact,
aerial,20260723005,1.0,try1,g05,impact,2,ABORTED impact,
aerial,20260723005,1.0,try1,g06,impact,2,ABORTED impact,
aerial,20260723005,2.5,try1,g01,real,1,SUCCEEDED claimed,0.25
aerial,20260723005,2.5,try1,g02,real,1,SUCCEEDED claimed,0.23
aerial,20260723005,2.5,try1,g03,impact,2,ABORTED impact,
aerial,20260723005,2.5,try1,g04,real,1,SUCCEEDED claimed,0.31
aerial,20260723005,2.5,try1,g05,real,1,SUCCEEDED claimed,0.31
aerial,20260723005,2.5,try1,g06,real,1,SUCCEEDED claimed,0.29
aerial,20260723005,5.0,try1,g01,real,1,SUCCEEDED claimed,0.24
aerial,20260723005,5.0,try1,g02,real,1,SUCCEEDED claimed,0.31
aerial,20260723005,5.0,try1,g03,no_path,2,ABORTED no_path,
aerial,20260723005,5.0,try1,g04,real,1,SUCCEEDED claimed,0.34
aerial,20260723005,5.0,try1,g05,real,1,SUCCEEDED claimed,0.28
aerial,20260723005,5.0,try1,g06,real,1,SUCCEEDED claimed,0.3
aerial,20260723005,10.0,try1,g01,real,1,SUCCEEDED claimed,0.28
aerial,20260723005,10.0,try1,g02,real,1,SUCCEEDED claimed,0.31
aerial,20260723005,10.0,try1,g03,no_path,2,ABORTED no_path,
aerial,20260723005,10.0,try1,g04,real,1,SUCCEEDED claimed,0.33
aerial,20260723005,10.0,try1,g05,real,1,SUCCEEDED claimed,0.32
aerial,20260723005,10.0,try1,g06,real,1,SUCCEEDED claimed,0.31
aerial,20260723013,1.0,try1,g01,real,1,SUCCEEDED claimed,0.31
aerial,20260723013,1.0,try1,g02,impact,2,ABORTED impact,
aerial,20260723013,1.0,try1,g03,real,1,SUCCEEDED claimed,0.65
aerial,20260723013,1.0,try1,g04,no_path,2,ABORTED no_path,
aerial,20260723013,1.0,try1,g05,no_path,2,ABORTED no_path,
aerial,20260723013,1.0,try1,g06,no_path,2,ABORTED no_path,
aerial,20260723013,2.5,try1,g01,real,1,SUCCEEDED claimed,0.3
aerial,20260723013,2.5,try1,g02,real,1,SUCCEEDED claimed,0.1
aerial,20260723013,2.5,try1,g03,impact,2,ABORTED impact,
aerial,20260723013,2.5,try1,g04,impact,2,ABORTED impact,
aerial,20260723013,2.5,try1,g05,real,2,SUCCEEDED claimed,0.35
aerial,20260723013,2.5,try1,g06,real,1,SUCCEEDED claimed,0.38
aerial,20260723013,5.0,try1,g01,real,1,SUCCEEDED claimed,0.32
aerial,20260723013,5.0,try1,g02,real,2,SUCCEEDED claimed,0.32
aerial,20260723013,5.0,try1,g03,real,2,SUCCEEDED claimed,0.5
aerial,20260723013,5.0,try1,g04,real,1,SUCCEEDED claimed,0.3
aerial,20260723013,5.0,try1,g05,real,1,SUCCEEDED claimed,0.33
aerial,20260723013,5.0,try1,g06,real,1,SUCCEEDED claimed,0.35
aerial,20260723013,10.0,try1,g01,real,1,SUCCEEDED claimed,0.31
aerial,20260723013,10.0,try1,g02,real,1,SUCCEEDED claimed,0.33
aerial,20260723013,10.0,try1,g03,real,1,SUCCEEDED claimed,0.47
aerial,20260723013,10.0,try1,g04,real,1,SUCCEEDED claimed,0.27
aerial,20260723013,10.0,try1,g05,real,1,SUCCEEDED claimed,0.32
aerial,20260723013,10.0,try1,g06,real,2,SUCCEEDED claimed,0.27
aerial,20260723016,1.0,try1,g01,real,1,SUCCEEDED claimed,0.28
aerial,20260723016,1.0,try1,g02,impact,2,ABORTED impact,
aerial,20260723016,1.0,try1,g03,no_path,2,ABORTED no_path,
aerial,20260723016,1.0,try1,g04,no_path,2,ABORTED no_path,
aerial,20260723016,1.0,try1,g05,real,1,SUCCEEDED claimed,0.3
aerial,20260723016,1.0,try1,g06,real,1,SUCCEEDED claimed,0.25
aerial,20260723016,2.5,try1,g01,real,1,SUCCEEDED claimed,0.24
aerial,20260723016,2.5,try1,g02,real,1,SUCCEEDED claimed,0.22
aerial,20260723016,2.5,try1,g03,blocked,2,ABORTED blocked,
aerial,20260723016,2.5,try1,g04,blocked,2,ABORTED blocked,
aerial,20260723016,2.5,try1,g05,blocked,2,ABORTED blocked,
aerial,20260723016,2.5,try1,g06,impact,2,ABORTED impact,
aerial,20260723016,5.0,try1,g01,real,1,SUCCEEDED claimed,0.28
aerial,20260723016,5.0,try1,g02,real,1,SUCCEEDED claimed,0.18
aerial,20260723016,5.0,try1,g03,blocked,2,ABORTED blocked,
aerial,20260723016,5.0,try1,g04,blocked,2,ABORTED blocked,
aerial,20260723016,5.0,try1,g05,blocked,2,ABORTED blocked,
aerial,20260723016,5.0,try1,g06,impact,2,ABORTED impact,
aerial,20260723016,10.0,try1,g01,real,1,SUCCEEDED claimed,0.31
aerial,20260723016,10.0,try1,g02,real,1,SUCCEEDED claimed,0.22
aerial,20260723016,10.0,try1,g03,blocked,2,ABORTED blocked,
aerial,20260723016,10.0,try1,g04,impact,2,ABORTED impact,
aerial,20260723016,10.0,try1,g05,impact,2,ABORTED impact,
aerial,20260723016,10.0,try1,g06,impact,2,ABORTED impact,
aerial,20260723018,1.0,try1,g01,real,1,SUCCEEDED claimed,0.27
aerial,20260723018,1.0,try1,g02,no_path,2,ABORTED no_path,
aerial,20260723018,1.0,try1,g03,no_path,2,ABORTED no_path,
aerial,20260723018,1.0,try1,g04,no_path,2,ABORTED no_path,
aerial,20260723018,1.0,try1,g05,real,1,SUCCEEDED claimed,0.34
aerial,20260723018,1.0,try1,g06,no_path,2,ABORTED no_path,
aerial,20260723018,2.5,try1,g01,real,1,SUCCEEDED claimed,0.22
aerial,20260723018,2.5,try1,g02,no_path,2,ABORTED no_path,
aerial,20260723018,2.5,try1,g03,no_path,2,ABORTED no_path,
aerial,20260723018,2.5,try1,g04,no_path,2,ABORTED no_path,
aerial,20260723018,2.5,try1,g05,real,1,SUCCEEDED claimed,0.34
aerial,20260723018,2.5,try1,g06,no_path,2,ABORTED no_path,
aerial,20260723018,5.0,try1,g01,real,1,SUCCEEDED claimed,0.32
aerial,20260723018,5.0,try1,g02,no_path,2,ABORTED no_path,
aerial,20260723018,5.0,try1,g03,no_path,2,ABORTED no_path,
aerial,20260723018,5.0,try1,g04,no_path,2,ABORTED no_path,
aerial,20260723018,5.0,try1,g05,real,1,SUCCEEDED claimed,0.4
aerial,20260723018,5.0,try1,g06,no_path,2,ABORTED no_path,
aerial,20260723018,10.0,try1,g01,real,1,SUCCEEDED claimed,0.29
aerial,20260723018,10.0,try1,g02,no_path,2,ABORTED no_path,
aerial,20260723018,10.0,try1,g03,no_path,2,ABORTED no_path,
aerial,20260723018,10.0,try1,g04,no_path,2,ABORTED no_path,
aerial,20260723018,10.0,try1,g05,real,1,SUCCEEDED claimed,0.35
aerial,20260723018,10.0,try1,g06,no_path,2,ABORTED no_path,
aerial,20260723023,1.0,try1,g01,real,1,SUCCEEDED claimed,0.27
aerial,20260723023,1.0,try1,g02,real,2,SUCCEEDED claimed,0.16
aerial,20260723023,1.0,try1,g03,impact,2,ABORTED impact,
aerial,20260723023,1.0,try1,g04,impact,2,ABORTED impact,
aerial,20260723023,1.0,try1,g05,impact,2,ABORTED impact,
aerial,20260723023,1.0,try1,g06,impact,2,ABORTED impact,
aerial,20260723023,2.5,try1,g01,real,1,SUCCEEDED claimed,0.36
aerial,20260723023,2.5,try1,g02,real,1,SUCCEEDED claimed,0.23
aerial,20260723023,2.5,try1,g03,impact,2,ABORTED impact,
aerial,20260723023,2.5,try1,g04,impact,2,ABORTED impact,
aerial,20260723023,2.5,try1,g05,impact,2,ABORTED impact,
aerial,20260723023,2.5,try1,g06,impact,2,ABORTED impact,
aerial,20260723023,5.0,try1,g01,real,1,SUCCEEDED claimed,0.45
aerial,20260723023,5.0,try1,g02,real,1,SUCCEEDED claimed,0.22
aerial,20260723023,5.0,try1,g03,real,1,SUCCEEDED claimed,0.34
aerial,20260723023,5.0,try1,g04,real,1,SUCCEEDED claimed,0.27
aerial,20260723023,5.0,try1,g05,real,1,SUCCEEDED claimed,0.24
aerial,20260723023,5.0,try1,g06,real,1,SUCCEEDED claimed,0.24
aerial,20260723023,10.0,try1,g01,real,1,SUCCEEDED claimed,0.52
aerial,20260723023,10.0,try1,g02,real,1,SUCCEEDED claimed,0.24
aerial,20260723023,10.0,try1,g03,real,1,SUCCEEDED claimed,0.32
aerial,20260723023,10.0,try1,g04,real,1,SUCCEEDED claimed,0.21
aerial,20260723023,10.0,try1,g05,real,1,SUCCEEDED claimed,0.19
aerial,20260723023,10.0,try1,g06,real,1,SUCCEEDED claimed,0.28
wheeled,20260723008,1.0,try1,g01,real,1,SUCCEEDED claimed,0.29
wheeled,20260723008,1.0,try1,g02,real,1,SUCCEEDED claimed,0.18
wheeled,20260723008,1.0,try1,g03,contact,2,ABORTED contact,
wheeled,20260723008,1.0,try1,g04,other,2,ABORTED too_narrow,
wheeled,20260723008,1.0,try1,g05,blocked,2,ABORTED blocked,
wheeled,20260723008,1.0,try1,g06,blocked,2,ABORTED blocked,
wheeled,20260723008,2.5,try1,g01,real,1,SUCCEEDED claimed,0.29
wheeled,20260723008,2.5,try1,g02,real,1,SUCCEEDED claimed,0.14
wheeled,20260723008,2.5,try1,g03,real,1,SUCCEEDED claimed,0.41
wheeled,20260723008,2.5,try1,g04,real,1,SUCCEEDED claimed,0.23
wheeled,20260723008,2.5,try1,g05,blocked,2,ABORTED blocked,
wheeled,20260723008,2.5,try1,g06,real,2,SUCCEEDED claimed,0.24
wheeled,20260723008,5.0,try1,g01,real,1,SUCCEEDED claimed,0.3
wheeled,20260723008,5.0,try1,g02,real,1,SUCCEEDED claimed,0.14
wheeled,20260723008,5.0,try1,g03,blocked,2,ABORTED blocked,
wheeled,20260723008,5.0,try1,g04,blocked,2,ABORTED blocked,
wheeled,20260723008,5.0,try1,g05,real,1,SUCCEEDED claimed,0.32
wheeled,20260723008,5.0,try1,g06,contact,2,ABORTED contact,
wheeled,20260723008,10.0,try1,g01,real,1,SUCCEEDED claimed,0.31
wheeled,20260723008,10.0,try1,g02,real,1,SUCCEEDED claimed,0.36
wheeled,20260723008,10.0,try1,g03,blocked,2,ABORTED blocked,
wheeled,20260723008,10.0,try1,g04,blocked,2,ABORTED blocked,
wheeled,20260723008,10.0,try1,g05,real,1,SUCCEEDED claimed,0.35
wheeled,20260723008,10.0,try1,g06,real,2,SUCCEEDED claimed,0.44
wheeled,20260723001,1.0,try1,g01,real,1,SUCCEEDED claimed,0.3
wheeled,20260723001,1.0,try1,g02,no_path,2,ABORTED no_path,
wheeled,20260723001,1.0,try1,g03,no_path,2,ABORTED no_path,
wheeled,20260723001,1.0,try1,g04,no_path,2,ABORTED no_path,
wheeled,20260723001,1.0,try1,g05,real,1,SUCCEEDED claimed,0.28
wheeled,20260723001,1.0,try1,g06,no_path,2,ABORTED no_path,
wheeled,20260723001,2.5,try1,g01,real,1,SUCCEEDED claimed,0.35
wheeled,20260723001,2.5,try1,g02,no_path,2,ABORTED no_path,
wheeled,20260723001,2.5,try1,g03,no_path,2,ABORTED no_path,
wheeled,20260723001,2.5,try1,g04,no_path,2,ABORTED no_path,
wheeled,20260723001,2.5,try1,g05,real,1,SUCCEEDED claimed,0.28
wheeled,20260723001,2.5,try1,g06,no_path,2,ABORTED no_path,
wheeled,20260723001,5.0,try1,g01,real,1,SUCCEEDED claimed,0.38
wheeled,20260723001,5.0,try1,g02,blocked,2,ABORTED blocked,
wheeled,20260723001,5.0,try1,g03,real,1,SUCCEEDED claimed,0.04
wheeled,20260723001,5.0,try1,g04,blocked,2,ABORTED blocked,
wheeled,20260723001,5.0,try1,g05,blocked,2,ABORTED blocked,
wheeled,20260723001,5.0,try1,g06,blocked,2,ABORTED blocked,
wheeled,20260723001,10.0,try1,g01,real,1,SUCCEEDED claimed,0.32
wheeled,20260723001,10.0,try1,g02,blocked,2,ABORTED blocked,
wheeled,20260723001,10.0,try1,g03,real,1,SUCCEEDED claimed,0.11
wheeled,20260723001,10.0,try1,g04,blocked,2,ABORTED blocked,
wheeled,20260723001,10.0,try1,g05,real,2,SUCCEEDED claimed,0.44
wheeled,20260723001,10.0,try1,g06,blocked,2,ABORTED blocked,
wheeled,20260723002,1.0,try1,g01,real,1,SUCCEEDED claimed,0.33
wheeled,20260723002,1.0,try1,g02,real,1,SUCCEEDED claimed,0.52
wheeled,20260723002,1.0,try1,g03,blocked,2,ABORTED blocked,
wheeled,20260723002,1.0,try1,g04,blocked,2,ABORTED blocked,
wheeled,20260723002,1.0,try1,g05,real,1,SUCCEEDED claimed,0.32
wheeled,20260723002,1.0,try1,g06,real,1,SUCCEEDED claimed,0.48
wheeled,20260723002,2.5,try1,g01,real,1,SUCCEEDED claimed,0.33
wheeled,20260723002,2.5,try1,g02,real,1,SUCCEEDED claimed,0.46
wheeled,20260723002,2.5,try1,g03,blocked,2,ABORTED blocked,
wheeled,20260723002,2.5,try1,g04,blocked,2,ABORTED blocked,
wheeled,20260723002,2.5,try1,g05,blocked,2,ABORTED blocked,
wheeled,20260723002,2.5,try1,g06,blocked,2,ABORTED blocked,
wheeled,20260723002,5.0,try1,g01,real,1,SUCCEEDED claimed,0.4
wheeled,20260723002,5.0,try1,g02,real,1,SUCCEEDED claimed,0.28
wheeled,20260723002,5.0,try1,g03,blocked,2,ABORTED blocked,
wheeled,20260723002,5.0,try1,g04,blocked,2,ABORTED blocked,
wheeled,20260723002,5.0,try1,g05,blocked,2,ABORTED blocked,
wheeled,20260723002,5.0,try1,g06,blocked,2,ABORTED blocked,
wheeled,20260723002,10.0,try1,g01,real,1,SUCCEEDED claimed,0.25
wheeled,20260723002,10.0,try1,g02,real,1,SUCCEEDED claimed,0.26
wheeled,20260723002,10.0,try1,g03,real,1,SUCCEEDED claimed,0.29
wheeled,20260723002,10.0,try1,g04,real,2,SUCCEEDED claimed,0.18
wheeled,20260723002,10.0,try1,g05,real,1,SUCCEEDED claimed,0.3
wheeled,20260723002,10.0,try1,g06,real,1,SUCCEEDED claimed,0.55
wheeled,20260723003,1.0,try1,g01,real,1,SUCCEEDED claimed,0.33
wheeled,20260723003,1.0,try1,g02,contact,2,ABORTED contact,
wheeled,20260723003,1.0,try1,g03,real,1,SUCCEEDED claimed,0.06
wheeled,20260723003,1.0,try1,g04,no_path,2,ABORTED no_path,
wheeled,20260723003,1.0,try1,g05,real,1,SUCCEEDED claimed,0.27
wheeled,20260723003,1.0,try1,g06,blocked,2,ABORTED blocked,
wheeled,20260723003,2.5,try1,g01,real,1,SUCCEEDED claimed,0.29
wheeled,20260723003,2.5,try1,g02,real,2,SUCCEEDED claimed,0.21
wheeled,20260723003,2.5,try1,g03,blocked,2,ABORTED blocked,
wheeled,20260723003,2.5,try1,g04,contact,2,ABORTED contact,
wheeled,20260723003,2.5,try1,g05,blocked,2,ABORTED blocked,
wheeled,20260723003,2.5,try1,g06,blocked,2,ABORTED blocked,
wheeled,20260723003,5.0,try1,g01,real,1,SUCCEEDED claimed,0.28
wheeled,20260723003,5.0,try1,g02,real,2,SUCCEEDED claimed,0.33
wheeled,20260723003,5.0,try1,g03,real,1,SUCCEEDED claimed,0.31
wheeled,20260723003,5.0,try1,g04,blocked,2,ABORTED blocked,
wheeled,20260723003,5.0,try1,g05,real,1,SUCCEEDED claimed,0.29
wheeled,20260723003,5.0,try1,g06,real,2,SUCCEEDED claimed,0.31
wheeled,20260723003,10.0,try1,g01,real,1,SUCCEEDED claimed,0.28
wheeled,20260723003,10.0,try1,g02,blocked,2,ABORTED blocked,
wheeled,20260723003,10.0,try1,g03,real,2,SUCCEEDED claimed,0.23
wheeled,20260723003,10.0,try1,g04,no_path,2,ABORTED no_path,
wheeled,20260723003,10.0,try1,g05,real,1,SUCCEEDED claimed,0.27
wheeled,20260723003,10.0,try1,g06,blocked,2,ABORTED blocked,
wheeled,20260723004,1.0,try1,g01,real,1,SUCCEEDED claimed,0.31
wheeled,20260723004,1.0,try1,g02,real,1,SUCCEEDED claimed,0.57
wheeled,20260723004,1.0,try1,g03,blocked,2,ABORTED blocked,
wheeled,20260723004,1.0,try1,g04,blocked,2,ABORTED blocked,
wheeled,20260723004,1.0,try1,g05,blocked,2,ABORTED blocked,
wheeled,20260723004,1.0,try1,g06,blocked,2,ABORTED blocked,
wheeled,20260723004,2.5,try1,g01,real,1,SUCCEEDED claimed,0.31
wheeled,20260723004,2.5,try1,g02,real,2,SUCCEEDED claimed,0.28
wheeled,20260723004,2.5,try1,g03,contact,2,ABORTED contact,
wheeled,20260723004,2.5,try1,g04,real,1,SUCCEEDED claimed,0.28
wheeled,20260723004,2.5,try1,g05,blocked,2,ABORTED blocked,
wheeled,20260723004,2.5,try1,g06,real,1,SUCCEEDED claimed,0.21
wheeled,20260723004,5.0,try1,g01,real,1,SUCCEEDED claimed,0.29
wheeled,20260723004,5.0,try1,g02,real,1,SUCCEEDED claimed,0.27
wheeled,20260723004,5.0,try1,g03,blocked,2,ABORTED blocked,
wheeled,20260723004,5.0,try1,g04,real,1,SUCCEEDED claimed,0.23
wheeled,20260723004,5.0,try1,g05,blocked,2,ABORTED blocked,
wheeled,20260723004,5.0,try1,g06,real,2,SUCCEEDED claimed,0.23
wheeled,20260723004,10.0,try1,g01,real,1,SUCCEEDED claimed,0.28
wheeled,20260723004,10.0,try1,g02,real,1,SUCCEEDED claimed,0.26
wheeled,20260723004,10.0,try1,g03,blocked,2,ABORTED blocked,
wheeled,20260723004,10.0,try1,g04,blocked,2,ABORTED blocked,
wheeled,20260723004,10.0,try1,g05,blocked,2,ABORTED blocked,
wheeled,20260723004,10.0,try1,g06,no_path,2,ABORTED no_path,
wheeled,20260723005,1.0,try1,g01,real,1,SUCCEEDED claimed,0.34
wheeled,20260723005,1.0,try1,g02,blocked,2,ABORTED blocked,
wheeled,20260723005,1.0,try1,g03,blocked,2,ABORTED blocked,
wheeled,20260723005,1.0,try1,g04,real,2,SUCCEEDED claimed,0.26
wheeled,20260723005,1.0,try1,g05,real,1,SUCCEEDED claimed,0.24
wheeled,20260723005,1.0,try1,g06,real,1,SUCCEEDED claimed,0.19
wheeled,20260723005,2.5,try1,g01,real,1,SUCCEEDED claimed,0.37
wheeled,20260723005,2.5,try1,g02,blocked,2,ABORTED blocked,
wheeled,20260723005,2.5,try1,g03,blocked,2,ABORTED blocked,
wheeled,20260723005,2.5,try1,g04,contact,2,ABORTED contact,
wheeled,20260723005,2.5,try1,g05,real,1,SUCCEEDED claimed,0.25
wheeled,20260723005,2.5,try1,g06,real,1,SUCCEEDED claimed,0.12
wheeled,20260723005,5.0,try1,g01,real,1,SUCCEEDED claimed,0.39
wheeled,20260723005,5.0,try1,g02,blocked,2,ABORTED blocked,
wheeled,20260723005,5.0,try1,g03,blocked,2,ABORTED blocked,
wheeled,20260723005,5.0,try1,g04,real,2,SUCCEEDED claimed,0.1
wheeled,20260723005,5.0,try1,g05,blocked,2,ABORTED blocked,
wheeled,20260723005,5.0,try1,g06,blocked,2,ABORTED blocked,
wheeled,20260723005,10.0,try1,g01,real,1,SUCCEEDED claimed,0.32
wheeled,20260723005,10.0,try1,g02,blocked,2,ABORTED blocked,
wheeled,20260723005,10.0,try1,g03,blocked,2,ABORTED blocked,
wheeled,20260723005,10.0,try1,g04,blocked,2,ABORTED blocked,
wheeled,20260723005,10.0,try1,g05,blocked,2,ABORTED blocked,
wheeled,20260723005,10.0,try1,g06,blocked,2,ABORTED blocked,
wheeled,20260723013,1.0,try1,g01,real,1,SUCCEEDED claimed,0.21
wheeled,20260723013,1.0,try1,g02,blocked,2,ABORTED blocked,
wheeled,20260723013,1.0,try1,g03,no_path,2,ABORTED no_path,
wheeled,20260723013,1.0,try1,g04,no_path,2,ABORTED no_path,
wheeled,20260723013,1.0,try1,g05,real,1,SUCCEEDED claimed,0.24
wheeled,20260723013,1.0,try1,g06,real,1,SUCCEEDED claimed,0.35
wheeled,20260723013,2.5,try1,g01,real,1,SUCCEEDED claimed,0.29
wheeled,20260723013,2.5,try1,g02,blocked,2,ABORTED blocked,
wheeled,20260723013,2.5,try1,g03,no_path,2,ABORTED no_path,
wheeled,20260723013,2.5,try1,g04,no_path,2,ABORTED no_path,
wheeled,20260723013,2.5,try1,g05,real,1,SUCCEEDED claimed,0.32
wheeled,20260723013,2.5,try1,g06,blocked,2,ABORTED blocked,
wheeled,20260723013,5.0,try1,g01,real,1,SUCCEEDED claimed,0.31
wheeled,20260723013,5.0,try1,g02,blocked,2,ABORTED blocked,
wheeled,20260723013,5.0,try1,g03,blocked,2,ABORTED blocked,
wheeled,20260723013,5.0,try1,g04,blocked,2,ABORTED blocked,
wheeled,20260723013,5.0,try1,g05,blocked,2,ABORTED blocked,
wheeled,20260723013,5.0,try1,g06,blocked,2,ABORTED blocked,
wheeled,20260723013,10.0,try1,g01,real,1,SUCCEEDED claimed,0.38
wheeled,20260723013,10.0,try1,g02,blocked,2,ABORTED blocked,
wheeled,20260723013,10.0,try1,g03,blocked,2,ABORTED blocked,
wheeled,20260723013,10.0,try1,g04,blocked,2,ABORTED blocked,
wheeled,20260723013,10.0,try1,g05,real,1,SUCCEEDED claimed,0.37
wheeled,20260723013,10.0,try1,g06,real,1,SUCCEEDED claimed,0.34
wheeled,20260723016,1.0,try1,g01,real,1,SUCCEEDED claimed,0.37
wheeled,20260723016,1.0,try1,g02,blocked,2,ABORTED blocked,
wheeled,20260723016,1.0,try1,g03,blocked,2,ABORTED blocked,
wheeled,20260723016,1.0,try1,g04,blocked,2,ABORTED blocked,
wheeled,20260723016,1.0,try1,g05,real,1,SUCCEEDED claimed,0.22
wheeled,20260723016,1.0,try1,g06,real,1,SUCCEEDED claimed,0.09
wheeled,20260723016,2.5,try1,g01,real,1,SUCCEEDED claimed,0.27
wheeled,20260723016,2.5,try1,g02,blocked,2,ABORTED blocked,
wheeled,20260723016,2.5,try1,g03,blocked,2,ABORTED blocked,
wheeled,20260723016,2.5,try1,g04,blocked,2,ABORTED blocked,
wheeled,20260723016,2.5,try1,g05,real,2,SUCCEEDED claimed,0.3
wheeled,20260723016,2.5,try1,g06,real,2,SUCCEEDED claimed,0.23
wheeled,20260723016,5.0,try1,g01,real,1,SUCCEEDED claimed,0.27
wheeled,20260723016,5.0,try1,g02,real,1,SUCCEEDED claimed,0.42
wheeled,20260723016,5.0,try1,g03,blocked,2,ABORTED blocked,
wheeled,20260723016,5.0,try1,g04,blocked,2,ABORTED blocked,
wheeled,20260723016,5.0,try1,g05,real,1,SUCCEEDED claimed,0.33
wheeled,20260723016,5.0,try1,g06,real,1,SUCCEEDED claimed,0.26
wheeled,20260723016,10.0,try1,g01,real,1,SUCCEEDED claimed,0.29
wheeled,20260723016,10.0,try1,g02,real,1,SUCCEEDED claimed,0.17
wheeled,20260723016,10.0,try1,g03,real,2,SUCCEEDED claimed,0.24
wheeled,20260723016,10.0,try1,g04,blocked,2,ABORTED blocked,
wheeled,20260723016,10.0,try1,g05,real,1,SUCCEEDED claimed,0.28
wheeled,20260723016,10.0,try1,g06,real,2,SUCCEEDED claimed,0.27
wheeled,20260723018,1.0,try1,g01,real,1,SUCCEEDED claimed,0.31
wheeled,20260723018,1.0,try1,g02,blocked,2,ABORTED blocked,
wheeled,20260723018,1.0,try1,g03,real,1,SUCCEEDED claimed,0.48
wheeled,20260723018,1.0,try1,g04,blocked,2,ABORTED blocked,
wheeled,20260723018,1.0,try1,g05,false,1,SUCCEEDED claimed,12.89
wheeled,20260723018,1.0,try1,g06,contact,2,ABORTED contact,
wheeled,20260723018,2.5,try1,g01,real,1,SUCCEEDED claimed,0.29
wheeled,20260723018,2.5,try1,g02,blocked,2,ABORTED blocked,
wheeled,20260723018,2.5,try1,g03,blocked,2,ABORTED blocked,
wheeled,20260723018,2.5,try1,g04,blocked,2,ABORTED blocked,
wheeled,20260723018,2.5,try1,g05,contact,2,ABORTED contact,
wheeled,20260723018,2.5,try1,g06,blocked,2,ABORTED blocked,
wheeled,20260723018,5.0,try1,g01,real,1,SUCCEEDED claimed,0.23
wheeled,20260723018,5.0,try1,g02,blocked,2,ABORTED blocked,
wheeled,20260723018,5.0,try1,g03,real,1,SUCCEEDED claimed,0.32
wheeled,20260723018,5.0,try1,g04,blocked,2,ABORTED blocked,
wheeled,20260723018,5.0,try1,g05,contact,2,ABORTED contact,
wheeled,20260723018,5.0,try1,g06,no_path,2,ABORTED no_path,
wheeled,20260723018,10.0,try1,g01,real,1,SUCCEEDED claimed,0.3
wheeled,20260723018,10.0,try1,g02,blocked,2,ABORTED blocked,
wheeled,20260723018,10.0,try1,g03,real,1,SUCCEEDED claimed,0.36
wheeled,20260723018,10.0,try1,g04,blocked,2,ABORTED blocked,
wheeled,20260723018,10.0,try1,g05,no_path,2,ABORTED no_path,
wheeled,20260723018,10.0,try1,g06,no_path,2,ABORTED no_path,
wheeled,20260723023,1.0,try1,g01,real,1,SUCCEEDED claimed,0.34
wheeled,20260723023,1.0,try1,g02,real,2,SUCCEEDED claimed,0.12
wheeled,20260723023,1.0,try1,g03,blocked,2,ABORTED blocked,
wheeled,20260723023,1.0,try1,g04,other,2,ABORTED too_narrow,
wheeled,20260723023,1.0,try1,g05,contact,2,ABORTED contact,
wheeled,20260723023,1.0,try1,g06,blocked,2,ABORTED blocked,
wheeled,20260723023,2.5,try1,g01,real,1,SUCCEEDED claimed,0.3
wheeled,20260723023,2.5,try1,g02,real,2,SUCCEEDED claimed,0.08
wheeled,20260723023,2.5,try1,g03,blocked,2,ABORTED blocked,
wheeled,20260723023,2.5,try1,g04,blocked,2,ABORTED blocked,
wheeled,20260723023,2.5,try1,g05,blocked,2,ABORTED blocked,
wheeled,20260723023,2.5,try1,g06,blocked,2,ABORTED blocked,
wheeled,20260723023,5.0,try1,g01,real,1,SUCCEEDED claimed,0.25
wheeled,20260723023,5.0,try1,g02,real,1,SUCCEEDED claimed,0.01
wheeled,20260723023,5.0,try1,g03,blocked,2,ABORTED blocked,
wheeled,20260723023,5.0,try1,g04,blocked,2,ABORTED blocked,
wheeled,20260723023,5.0,try1,g05,blocked,2,ABORTED blocked,
wheeled,20260723023,5.0,try1,g06,blocked,2,ABORTED blocked,
wheeled,20260723023,10.0,try1,g01,real,1,SUCCEEDED claimed,0.46
wheeled,20260723023,10.0,try1,g02,real,2,SUCCEEDED claimed,0.21
wheeled,20260723023,10.0,try1,g03,real,1,SUCCEEDED claimed,0.42
wheeled,20260723023,10.0,try1,g04,real,1,SUCCEEDED claimed,0.27
wheeled,20260723023,10.0,try1,g05,real,1,SUCCEEDED claimed,0.28
wheeled,20260723023,10.0,try1,g06,real,1,SUCCEEDED claimed,0.29
wheeled_nav2,20260723008,1.0,try1,g01,real,1,SUCCEEDED claimed,0.34
wheeled_nav2,20260723008,1.0,try1,g02,off_map,2,ABORTED aborted 204,
wheeled_nav2,20260723008,1.0,try1,g03,real,1,SUCCEEDED claimed,0.28
wheeled_nav2,20260723008,1.0,try1,g04,timeout,2,TIMEOUT timeout,
wheeled_nav2,20260723008,1.0,try1,g05,real,1,SUCCEEDED claimed,0.2
wheeled_nav2,20260723008,1.0,try1,g06,timeout,2,TIMEOUT timeout,
wheeled_nav2,20260723008,2.5,try2,g01,real,1,SUCCEEDED claimed,0.33
wheeled_nav2,20260723008,2.5,try2,g02,off_map,2,ABORTED aborted 204,
wheeled_nav2,20260723008,2.5,try2,g03,real,1,SUCCEEDED claimed,0.35
wheeled_nav2,20260723008,2.5,try2,g04,timeout,2,TIMEOUT timeout,
wheeled_nav2,20260723008,2.5,try2,g05,real,1,SUCCEEDED claimed,0.21
wheeled_nav2,20260723008,2.5,try2,g06,timeout,2,TIMEOUT timeout,
wheeled_nav2,20260723008,5.0,try1,g01,real,1,SUCCEEDED claimed,0.35
wheeled_nav2,20260723008,5.0,try1,g02,no_path,2,ABORTED aborted 208,
wheeled_nav2,20260723008,5.0,try1,g03,real,1,SUCCEEDED claimed,0.34
wheeled_nav2,20260723008,5.0,try1,g04,timeout,2,TIMEOUT timeout,
wheeled_nav2,20260723008,5.0,try1,g05,real,1,SUCCEEDED claimed,0.3
wheeled_nav2,20260723008,5.0,try1,g06,real,1,SUCCEEDED claimed,0.3
wheeled_nav2,20260723008,10.0,try1,g01,real,1,SUCCEEDED claimed,0.34
wheeled_nav2,20260723008,10.0,try1,g02,real,1,SUCCEEDED claimed,0.39
wheeled_nav2,20260723008,10.0,try1,g03,real,1,SUCCEEDED claimed,0.22
wheeled_nav2,20260723008,10.0,try1,g04,timeout,2,TIMEOUT timeout,
wheeled_nav2,20260723008,10.0,try1,g05,frozen,2,ABORTED aborted 208,
wheeled_nav2,20260723008,10.0,try1,g06,frozen,2,ABORTED aborted 208,
wheeled_nav2,20260723001,1.0,try1,g01,real,1,SUCCEEDED claimed,0.26
wheeled_nav2,20260723001,1.0,try1,g02,no_path,2,ABORTED aborted 208,
wheeled_nav2,20260723001,1.0,try1,g03,off_map,2,ABORTED aborted 204,
wheeled_nav2,20260723001,1.0,try1,g04,off_map,2,ABORTED aborted 204,
wheeled_nav2,20260723001,1.0,try1,g05,real,1,SUCCEEDED claimed,0.26
wheeled_nav2,20260723001,1.0,try1,g06,no_path,2,ABORTED aborted 208,
wheeled_nav2,20260723001,2.5,try1,g01,real,1,SUCCEEDED claimed,0.33
wheeled_nav2,20260723001,2.5,try1,g02,no_path,2,ABORTED aborted 208,
wheeled_nav2,20260723001,2.5,try1,g03,no_path,2,ABORTED aborted 208,
wheeled_nav2,20260723001,2.5,try1,g04,no_path,2,ABORTED aborted 208,
wheeled_nav2,20260723001,2.5,try1,g05,real,1,SUCCEEDED claimed,0.31
wheeled_nav2,20260723001,2.5,try1,g06,no_path,2,ABORTED aborted 208,
wheeled_nav2,20260723001,5.0,try1,g01,real,1,SUCCEEDED claimed,0.29
wheeled_nav2,20260723001,5.0,try1,g02,no_path,2,ABORTED aborted 208,
wheeled_nav2,20260723001,5.0,try1,g03,no_path,2,ABORTED aborted 208,
wheeled_nav2,20260723001,5.0,try1,g04,no_path,2,ABORTED aborted 208,
wheeled_nav2,20260723001,5.0,try1,g05,real,1,SUCCEEDED claimed,0.33
wheeled_nav2,20260723001,5.0,try1,g06,no_path,2,ABORTED aborted 208,
wheeled_nav2,20260723001,10.0,try1,g01,real,1,SUCCEEDED claimed,0.29
wheeled_nav2,20260723001,10.0,try1,g02,no_path,2,ABORTED aborted 208,
wheeled_nav2,20260723001,10.0,try1,g03,no_path,2,ABORTED aborted 208,
wheeled_nav2,20260723001,10.0,try1,g04,no_path,2,ABORTED aborted 208,
wheeled_nav2,20260723001,10.0,try1,g05,real,1,SUCCEEDED claimed,0.36
wheeled_nav2,20260723001,10.0,try1,g06,no_path,2,ABORTED aborted 208,
wheeled_nav2,20260723002,1.0,try1,g01,real,1,SUCCEEDED claimed,0.36
wheeled_nav2,20260723002,1.0,try1,g02,timeout,2,TIMEOUT timeout,
wheeled_nav2,20260723002,1.0,try1,g03,frozen,2,ABORTED aborted 208,
wheeled_nav2,20260723002,1.0,try1,g04,frozen,2,ABORTED aborted 208,
wheeled_nav2,20260723002,1.0,try1,g05,frozen,2,ABORTED aborted 208,
wheeled_nav2,20260723002,1.0,try1,g06,frozen,2,ABORTED aborted 208,
wheeled_nav2,20260723002,2.5,try1,g01,real,1,SUCCEEDED claimed,0.31
wheeled_nav2,20260723002,2.5,try1,g02,timeout,2,TIMEOUT timeout,
wheeled_nav2,20260723002,2.5,try1,g03,frozen,2,ABORTED aborted 208,
wheeled_nav2,20260723002,2.5,try1,g04,frozen,2,ABORTED aborted 208,
wheeled_nav2,20260723002,2.5,try1,g05,frozen,2,ABORTED aborted 208,
wheeled_nav2,20260723002,2.5,try1,g06,frozen,2,ABORTED aborted 208,
wheeled_nav2,20260723002,5.0,try1,g01,real,1,SUCCEEDED claimed,0.41
wheeled_nav2,20260723002,5.0,try1,g02,timeout,2,TIMEOUT timeout,
wheeled_nav2,20260723002,5.0,try1,g03,frozen,2,ABORTED aborted 208,
wheeled_nav2,20260723002,5.0,try1,g04,frozen,2,ABORTED aborted 208,
wheeled_nav2,20260723002,5.0,try1,g05,frozen,2,ABORTED aborted 208,
wheeled_nav2,20260723002,5.0,try1,g06,frozen,2,ABORTED aborted 208,
wheeled_nav2,20260723002,10.0,try1,g01,real,1,SUCCEEDED claimed,0.29
wheeled_nav2,20260723002,10.0,try1,g02,timeout,2,TIMEOUT timeout,
wheeled_nav2,20260723002,10.0,try1,g03,frozen,2,ABORTED aborted 208,
wheeled_nav2,20260723002,10.0,try1,g04,frozen,2,ABORTED aborted 208,
wheeled_nav2,20260723002,10.0,try1,g05,frozen,2,ABORTED aborted 208,
wheeled_nav2,20260723002,10.0,try1,g06,frozen,2,ABORTED aborted 208,
wheeled_nav2,20260723003,1.0,try1,g01,real,1,SUCCEEDED claimed,0.28
wheeled_nav2,20260723003,1.0,try1,g02,timeout,2,TIMEOUT timeout,
wheeled_nav2,20260723003,1.0,try1,g03,real,1,SUCCEEDED claimed,0.23
wheeled_nav2,20260723003,1.0,try1,g04,off_map,2,ABORTED aborted 204,
wheeled_nav2,20260723003,1.0,try1,g05,timeout,2,TIMEOUT timeout,
wheeled_nav2,20260723003,1.0,try1,g06,off_map,2,ABORTED aborted 204,
wheeled_nav2,20260723003,2.5,try1,g01,real,1,SUCCEEDED claimed,0.36
wheeled_nav2,20260723003,2.5,try1,g02,timeout,2,TIMEOUT timeout,
wheeled_nav2,20260723003,2.5,try1,g03,real,1,SUCCEEDED claimed,0.27
wheeled_nav2,20260723003,2.5,try1,g04,off_map,2,ABORTED aborted 204,
wheeled_nav2,20260723003,2.5,try1,g05,timeout,2,TIMEOUT timeout,
wheeled_nav2,20260723003,2.5,try1,g06,off_map,2,ABORTED aborted 204,
wheeled_nav2,20260723003,5.0,try1,g01,real,1,SUCCEEDED claimed,0.29
wheeled_nav2,20260723003,5.0,try1,g02,timeout,2,TIMEOUT timeout,
wheeled_nav2,20260723003,5.0,try1,g03,real,1,SUCCEEDED claimed,0.24
wheeled_nav2,20260723003,5.0,try1,g04,timeout,2,TIMEOUT timeout,
wheeled_nav2,20260723003,5.0,try1,g05,real,1,SUCCEEDED claimed,0.33
wheeled_nav2,20260723003,5.0,try1,g06,real,1,SUCCEEDED claimed,0.39
wheeled_nav2,20260723003,10.0,try1,g01,real,1,SUCCEEDED claimed,0.28
wheeled_nav2,20260723003,10.0,try1,g02,timeout,2,TIMEOUT timeout,
wheeled_nav2,20260723003,10.0,try1,g03,real,1,SUCCEEDED claimed,0.24
wheeled_nav2,20260723003,10.0,try1,g04,timeout,2,TIMEOUT timeout,
wheeled_nav2,20260723003,10.0,try1,g05,real,1,SUCCEEDED claimed,0.32
wheeled_nav2,20260723003,10.0,try1,g06,timeout,2,TIMEOUT timeout,
wheeled_nav2,20260723004,1.0,try1,g01,real,1,SUCCEEDED claimed,0.27
wheeled_nav2,20260723004,1.0,try1,g02,timeout,2,TIMEOUT timeout,
wheeled_nav2,20260723004,1.0,try1,g03,frozen,2,ABORTED aborted 208,
wheeled_nav2,20260723004,1.0,try1,g04,frozen,2,ABORTED aborted 208,
wheeled_nav2,20260723004,1.0,try1,g05,frozen,2,ABORTED aborted 208,
wheeled_nav2,20260723004,1.0,try1,g06,frozen,2,ABORTED aborted 208,
wheeled_nav2,20260723004,2.5,try1,g01,real,1,SUCCEEDED claimed,0.35
wheeled_nav2,20260723004,2.5,try1,g02,other,2,ABORTED aborted 103,
wheeled_nav2,20260723004,2.5,try1,g03,no_path,2,ABORTED aborted 208,
wheeled_nav2,20260723004,2.5,try1,g04,timeout,2,TIMEOUT timeout,
wheeled_nav2,20260723004,2.5,try1,g05,false,1,SUCCEEDED claimed,14.18
wheeled_nav2,20260723004,2.5,try1,g06,timeout,2,TIMEOUT timeout,
wheeled_nav2,20260723004,5.0,try1,g01,real,1,SUCCEEDED claimed,0.39
wheeled_nav2,20260723004,5.0,try1,g02,timeout,2,TIMEOUT timeout,
wheeled_nav2,20260723004,5.0,try1,g03,timeout,2,TIMEOUT timeout,
wheeled_nav2,20260723004,5.0,try1,g04,false,1,SUCCEEDED claimed,2.15
wheeled_nav2,20260723004,5.0,try1,g05,timeout,2,TIMEOUT timeout,
wheeled_nav2,20260723004,5.0,try1,g06,timeout,2,TIMEOUT timeout,
wheeled_nav2,20260723004,10.0,try1,g01,real,1,SUCCEEDED claimed,0.36
wheeled_nav2,20260723004,10.0,try1,g02,frozen,2,TIMEOUT timeout,
wheeled_nav2,20260723004,10.0,try1,g03,frozen,2,TIMEOUT timeout,
wheeled_nav2,20260723004,10.0,try1,g04,frozen,2,TIMEOUT timeout,
wheeled_nav2,20260723004,10.0,try1,g05,frozen,2,TIMEOUT timeout,
wheeled_nav2,20260723004,10.0,try1,g06,frozen,2,TIMEOUT timeout,
wheeled_nav2,20260723005,1.0,try1,g01,real,1,SUCCEEDED claimed,0.3
wheeled_nav2,20260723005,1.0,try1,g02,timeout,2,TIMEOUT timeout,
wheeled_nav2,20260723005,1.0,try1,g03,other,2,ABORTED aborted 102,
wheeled_nav2,20260723005,1.0,try1,g04,frozen,2,TIMEOUT timeout,
wheeled_nav2,20260723005,1.0,try1,g05,frozen,2,TIMEOUT timeout,
wheeled_nav2,20260723005,1.0,try1,g06,frozen,2,TIMEOUT timeout,
wheeled_nav2,20260723005,2.5,try1,g01,real,1,SUCCEEDED claimed,0.42
wheeled_nav2,20260723005,2.5,try1,g02,timeout,2,TIMEOUT timeout,
wheeled_nav2,20260723005,2.5,try1,g03,timeout,2,TIMEOUT timeout,
wheeled_nav2,20260723005,2.5,try1,g04,frozen,2,TIMEOUT timeout,
wheeled_nav2,20260723005,2.5,try1,g05,frozen,2,TIMEOUT timeout,
wheeled_nav2,20260723005,2.5,try1,g06,frozen,2,TIMEOUT timeout,
wheeled_nav2,20260723005,5.0,try1,g01,real,1,SUCCEEDED claimed,0.39
wheeled_nav2,20260723005,5.0,try1,g02,timeout,2,TIMEOUT timeout,
wheeled_nav2,20260723005,5.0,try1,g03,timeout,2,TIMEOUT timeout,
wheeled_nav2,20260723005,5.0,try1,g04,frozen,2,TIMEOUT timeout,
wheeled_nav2,20260723005,5.0,try1,g05,frozen,2,TIMEOUT timeout,
wheeled_nav2,20260723005,5.0,try1,g06,frozen,2,TIMEOUT timeout,
wheeled_nav2,20260723005,10.0,try1,g01,real,1,SUCCEEDED claimed,0.35
wheeled_nav2,20260723005,10.0,try1,g02,timeout,2,TIMEOUT timeout,
wheeled_nav2,20260723005,10.0,try1,g03,timeout,2,TIMEOUT timeout,
wheeled_nav2,20260723005,10.0,try1,g04,frozen,2,ABORTED aborted 102,
wheeled_nav2,20260723005,10.0,try1,g05,frozen,2,TIMEOUT timeout,
wheeled_nav2,20260723005,10.0,try1,g06,frozen,2,TIMEOUT timeout,
wheeled_nav2,20260723013,1.0,try1,g01,real,1,SUCCEEDED claimed,0.3
wheeled_nav2,20260723013,1.0,try1,g02,timeout,2,TIMEOUT timeout,
wheeled_nav2,20260723013,1.0,try1,g03,off_map,2,ABORTED aborted 204,
wheeled_nav2,20260723013,1.0,try1,g04,off_map,2,ABORTED aborted 204,
wheeled_nav2,20260723013,1.0,try1,g05,false,1,SUCCEEDED claimed,6.26
wheeled_nav2,20260723013,1.0,try1,g06,timeout,2,TIMEOUT timeout,
wheeled_nav2,20260723013,2.5,try1,g01,real,1,SUCCEEDED claimed,0.3
wheeled_nav2,20260723013,2.5,try1,g02,frozen,2,ABORTED aborted 102,
wheeled_nav2,20260723013,2.5,try1,g03,off_map,2,ABORTED aborted 204,
wheeled_nav2,20260723013,2.5,try1,g04,off_map,2,ABORTED aborted 204,
wheeled_nav2,20260723013,2.5,try1,g05,frozen,2,TIMEOUT timeout,
wheeled_nav2,20260723013,2.5,try1,g06,frozen,2,TIMEOUT timeout,
wheeled_nav2,20260723013,5.0,try1,g01,void,1,SUCCEEDED claimed,5.44
wheeled_nav2,20260723013,5.0,try1,g02,void,1,SUCCEEDED claimed,5.7
wheeled_nav2,20260723013,5.0,try1,g03,timeout,2,TIMEOUT timeout,
wheeled_nav2,20260723013,5.0,try1,g04,timeout,2,TIMEOUT timeout,
wheeled_nav2,20260723013,5.0,try1,g05,timeout,2,TIMEOUT timeout,
wheeled_nav2,20260723013,5.0,try1,g06,timeout,2,TIMEOUT timeout,
wheeled_nav2,20260723013,10.0,try1,g01,real,1,SUCCEEDED claimed,0.36
wheeled_nav2,20260723013,10.0,try1,g02,other,2,ABORTED aborted 102,
wheeled_nav2,20260723013,10.0,try1,g03,other,2,ABORTED aborted 102,
wheeled_nav2,20260723013,10.0,try1,g04,real,2,SUCCEEDED claimed,0.16
wheeled_nav2,20260723013,10.0,try1,g05,timeout,2,TIMEOUT timeout,
wheeled_nav2,20260723013,10.0,try1,g06,timeout,2,TIMEOUT timeout,
wheeled_nav2,20260723016,1.0,try1,g01,real,1,SUCCEEDED claimed,0.26
wheeled_nav2,20260723016,1.0,try1,g02,real,2,SUCCEEDED claimed,0.32
wheeled_nav2,20260723016,1.0,try1,g03,timeout,2,TIMEOUT timeout,
wheeled_nav2,20260723016,1.0,try1,g04,timeout,2,TIMEOUT timeout,
wheeled_nav2,20260723016,1.0,try1,g05,real,1,SUCCEEDED claimed,0.25
wheeled_nav2,20260723016,1.0,try1,g06,real,1,SUCCEEDED claimed,0.34
wheeled_nav2,20260723016,2.5,try1,g01,real,1,SUCCEEDED claimed,0.42
wheeled_nav2,20260723016,2.5,try1,g02,no_path,2,ABORTED aborted 208,
wheeled_nav2,20260723016,2.5,try1,g03,timeout,2,TIMEOUT timeout,
wheeled_nav2,20260723016,2.5,try1,g04,real,1,SUCCEEDED claimed,0.39
wheeled_nav2,20260723016,2.5,try1,g05,real,1,SUCCEEDED claimed,0.35
wheeled_nav2,20260723016,2.5,try1,g06,real,1,SUCCEEDED claimed,0.43
wheeled_nav2,20260723016,5.0,try1,g01,real,1,SUCCEEDED claimed,0.32
wheeled_nav2,20260723016,5.0,try1,g02,no_path,2,ABORTED aborted 208,
wheeled_nav2,20260723016,5.0,try1,g03,real,1,SUCCEEDED claimed,0.53
wheeled_nav2,20260723016,5.0,try1,g04,timeout,2,TIMEOUT timeout,
wheeled_nav2,20260723016,5.0,try1,g05,no_path,2,ABORTED aborted 208,
wheeled_nav2,20260723016,5.0,try1,g06,frozen,2,ABORTED aborted 208,
wheeled_nav2,20260723016,10.0,try1,g01,void,1,SUCCEEDED claimed,6.99
wheeled_nav2,20260723016,10.0,try1,g02,void,1,SUCCEEDED claimed,8.92
wheeled_nav2,20260723016,10.0,try1,g03,void,1,SUCCEEDED claimed,9.19
wheeled_nav2,20260723016,10.0,try1,g04,real,1,SUCCEEDED claimed,0.3
wheeled_nav2,20260723016,10.0,try1,g05,frozen,2,ABORTED aborted 208,
wheeled_nav2,20260723016,10.0,try1,g06,frozen,2,ABORTED aborted 208,
wheeled_nav2,20260723018,1.0,try1,g01,real,1,SUCCEEDED claimed,0.29
wheeled_nav2,20260723018,1.0,try1,g02,off_map,2,ABORTED aborted 204,
wheeled_nav2,20260723018,1.0,try1,g03,no_path,2,ABORTED aborted 208,
wheeled_nav2,20260723018,1.0,try1,g04,off_map,2,ABORTED aborted 204,
wheeled_nav2,20260723018,1.0,try1,g05,real,1,SUCCEEDED claimed,0.36
wheeled_nav2,20260723018,1.0,try1,g06,off_map,2,ABORTED aborted 204,
wheeled_nav2,20260723018,2.5,try1,g01,real,1,SUCCEEDED claimed,0.36
wheeled_nav2,20260723018,2.5,try1,g02,off_map,2,ABORTED aborted 204,
wheeled_nav2,20260723018,2.5,try1,g03,no_path,2,ABORTED aborted 208,
wheeled_nav2,20260723018,2.5,try1,g04,off_map,2,ABORTED aborted 204,
wheeled_nav2,20260723018,2.5,try1,g05,real,1,SUCCEEDED claimed,0.34
wheeled_nav2,20260723018,2.5,try1,g06,off_map,2,ABORTED aborted 204,
wheeled_nav2,20260723018,5.0,try1,g01,real,1,SUCCEEDED claimed,0.28
wheeled_nav2,20260723018,5.0,try1,g02,no_path,2,ABORTED aborted 208,
wheeled_nav2,20260723018,5.0,try1,g03,no_path,2,ABORTED aborted 208,
wheeled_nav2,20260723018,5.0,try1,g04,no_path,2,ABORTED aborted 208,
wheeled_nav2,20260723018,5.0,try1,g05,real,1,SUCCEEDED claimed,0.43
wheeled_nav2,20260723018,5.0,try1,g06,no_path,2,ABORTED aborted 208,
wheeled_nav2,20260723018,10.0,try1,g01,real,1,SUCCEEDED claimed,0.35
wheeled_nav2,20260723018,10.0,try1,g02,no_path,2,ABORTED aborted 208,
wheeled_nav2,20260723018,10.0,try1,g03,no_path,2,ABORTED aborted 208,
wheeled_nav2,20260723018,10.0,try1,g04,no_path,2,ABORTED aborted 208,
wheeled_nav2,20260723018,10.0,try1,g05,real,1,SUCCEEDED claimed,0.44
wheeled_nav2,20260723018,10.0,try1,g06,no_path,2,ABORTED aborted 208,
wheeled_nav2,20260723023,1.0,try1,g01,real,1,SUCCEEDED claimed,0.34
wheeled_nav2,20260723023,1.0,try1,g02,real,1,SUCCEEDED claimed,0.2
wheeled_nav2,20260723023,1.0,try1,g03,timeout,2,TIMEOUT timeout,
wheeled_nav2,20260723023,1.0,try1,g04,timeout,2,TIMEOUT timeout,
wheeled_nav2,20260723023,1.0,try1,g05,timeout,2,TIMEOUT timeout,
wheeled_nav2,20260723023,1.0,try1,g06,real,1,SUCCEEDED claimed,0.22
wheeled_nav2,20260723023,2.5,try1,g01,real,1,SUCCEEDED claimed,0.4
wheeled_nav2,20260723023,2.5,try1,g02,real,1,SUCCEEDED claimed,0.18
wheeled_nav2,20260723023,2.5,try1,g03,timeout,2,TIMEOUT timeout,
wheeled_nav2,20260723023,2.5,try1,g04,timeout,2,TIMEOUT timeout,
wheeled_nav2,20260723023,2.5,try1,g05,timeout,2,TIMEOUT timeout,
wheeled_nav2,20260723023,2.5,try1,g06,real,1,SUCCEEDED claimed,0.25
wheeled_nav2,20260723023,5.0,try1,g01,real,1,SUCCEEDED claimed,0.28
wheeled_nav2,20260723023,5.0,try1,g02,real,1,SUCCEEDED claimed,0.2
wheeled_nav2,20260723023,5.0,try1,g03,timeout,2,TIMEOUT timeout,
wheeled_nav2,20260723023,5.0,try1,g04,timeout,2,TIMEOUT timeout,
wheeled_nav2,20260723023,5.0,try1,g05,timeout,2,TIMEOUT timeout,
wheeled_nav2,20260723023,5.0,try1,g06,real,1,SUCCEEDED claimed,0.32
wheeled_nav2,20260723023,10.0,try1,g01,real,1,SUCCEEDED claimed,0.38
wheeled_nav2,20260723023,10.0,try1,g02,real,1,SUCCEEDED claimed,0.17
wheeled_nav2,20260723023,10.0,try1,g03,timeout,2,TIMEOUT timeout,
wheeled_nav2,20260723023,10.0,try1,g04,timeout,2,TIMEOUT timeout,
wheeled_nav2,20260723023,10.0,try1,g05,frozen,2,TIMEOUT timeout,
wheeled_nav2,20260723023,10.0,try1,g06,frozen,2,TIMEOUT timeout,
