arm,budget_min,outcome,goals
aerial,1.0,real,20
aerial,1.0,impact,22
aerial,1.0,no_path,18
aerial,2.5,real,27
aerial,2.5,impact,14
aerial,2.5,no_path,11
aerial,2.5,blocked,4
aerial,2.5,contact,4
aerial,5.0,real,38
aerial,5.0,impact,7
aerial,5.0,no_path,12
aerial,5.0,blocked,3
aerial,10.0,real,41
aerial,10.0,impact,4
aerial,10.0,no_path,14
aerial,10.0,blocked,1
wheeled,1.0,real,27
wheeled,1.0,false,1
wheeled,1.0,no_path,7
wheeled,1.0,blocked,19
wheeled,1.0,contact,4
wheeled,1.0,other,2
wheeled,2.5,real,26
wheeled,2.5,no_path,6
wheeled,2.5,blocked,24
wheeled,2.5,contact,4
wheeled,5.0,real,27
wheeled,5.0,no_path,1
wheeled,5.0,blocked,30
wheeled,5.0,contact,2
wheeled,10.0,real,35
wheeled,10.0,no_path,4
wheeled,10.0,blocked,21
wheeled_nav2,1.0,real,20
wheeled_nav2,1.0,false,1
wheeled_nav2,1.0,frozen,11
wheeled_nav2,1.0,no_path,3
wheeled_nav2,1.0,off_map,10
wheeled_nav2,1.0,timeout,14
wheeled_nav2,1.0,other,1
wheeled_nav2,2.5,real,20
wheeled_nav2,2.5,false,1
wheeled_nav2,2.5,frozen,10
wheeled_nav2,2.5,no_path,7
wheeled_nav2,2.5,off_map,8
wheeled_nav2,2.5,timeout,13
wheeled_nav2,2.5,other,1
wheeled_nav2,5.0,real,20
wheeled_nav2,5.0,false,1
wheeled_nav2,5.0,void,2
wheeled_nav2,5.0,frozen,8
wheeled_nav2,5.0,no_path,11
wheeled_nav2,5.0,timeout,18
wheeled_nav2,10.0,real,18
wheeled_nav2,10.0,void,3
wheeled_nav2,10.0,frozen,18
wheeled_nav2,10.0,no_path,8
wheeled_nav2,10.0,timeout,11
wheeled_nav2,10.0,other,2
