embodiment,world,budget_min,goals,explore_try,explore_end,explore_t_sim,coverage_m2,map_final,tour_try,real,false,void,claimed,attempts,goals_seen,goals_scored,impacts,missing
aerial,20260723008,1.0,6,try1,exhausted,310.85,202.3,False,try2,2,0,0,2,10,6,6,10,
aerial,20260723008,2.5,6,try1,exhausted,310.85,275.3,False,try2,3,0,0,3,10,6,6,5,
aerial,20260723008,5.0,6,try1,exhausted,310.85,327.3,False,try1,6,0,0,6,6,6,6,0,
aerial,20260723008,10.0,6,try1,exhausted,310.85,327.4,True,try2,6,0,0,6,6,6,6,0,
aerial,20260723001,1.0,6,try1,exhausted,122.4,164.1,False,try1,2,0,0,2,10,6,6,0,
aerial,20260723001,2.5,6,try1,exhausted,122.4,168.0,True,try1,2,0,0,2,10,6,6,0,
aerial,20260723001,5.0,6,try1,exhausted,122.4,168.0,True,try1,2,0,0,2,10,6,6,0,
aerial,20260723001,10.0,6,try1,exhausted,122.4,168.0,True,try1,2,0,0,2,10,6,6,0,
aerial,20260723002,1.0,6,try1,exhausted,336.65,203.2,False,try2,2,0,0,2,10,6,6,0,
aerial,20260723002,2.5,6,try1,exhausted,336.65,199.0,False,try1,3,0,0,3,9,6,6,9,
aerial,20260723002,5.0,6,try1,exhausted,336.65,263.1,False,try1,2,0,0,2,10,6,6,9,
aerial,20260723002,10.0,6,try1,exhausted,336.65,285.1,True,try1,5,0,0,5,7,6,6,0,
aerial,20260723003,1.0,6,try1,exhausted,223.8,153.9,False,try1,2,0,0,2,10,6,6,7,
aerial,20260723003,2.5,6,try1,exhausted,223.8,230.3,False,try1,2,0,0,2,10,6,6,2,
aerial,20260723003,5.0,6,try1,exhausted,223.8,237.1,True,try1,5,0,0,5,8,6,6,4,
aerial,20260723003,10.0,6,try1,exhausted,223.8,237.1,True,try1,5,0,0,5,7,6,6,3,
aerial,20260723004,1.0,6,try1,exhausted,108.06,180.6,False,try1,2,0,0,2,10,6,6,8,
aerial,20260723004,2.5,6,try1,exhausted,108.06,183.3,True,try1,2,0,0,2,10,6,6,3,
aerial,20260723004,5.0,6,try1,exhausted,108.06,183.3,True,try1,2,0,0,2,11,6,6,3,
aerial,20260723004,10.0,6,try1,exhausted,108.06,183.3,True,try1,2,0,0,2,11,6,6,2,
aerial,20260723005,1.0,6,try1,exhausted,352.85,167.9,False,try1,1,0,0,1,11,6,6,12,
aerial,20260723005,2.5,6,try1,exhausted,352.85,248.5,False,try1,5,0,0,5,7,6,6,2,
aerial,20260723005,5.0,6,try1,exhausted,352.85,267.4,False,try1,5,0,0,5,7,6,6,0,
aerial,20260723005,10.0,6,try1,exhausted,352.85,280.9,True,try1,5,0,0,5,7,6,6,0,
aerial,20260723013,1.0,6,try1,exhausted,294.95,167.5,False,try1,2,0,0,2,10,6,6,4,
aerial,20260723013,2.5,6,try1,exhausted,294.95,230.4,False,try1,4,0,0,4,9,6,6,4,
aerial,20260723013,5.0,6,try1,exhausted,294.95,320.5,True,try1,6,0,0,6,8,6,6,2,
aerial,20260723013,10.0,6,try1,exhausted,294.95,320.5,True,try1,6,0,0,6,7,6,6,1,
aerial,20260723016,1.0,6,try1,exhausted,101.15,167.7,False,try1,3,0,0,3,9,6,6,2,
aerial,20260723016,2.5,6,try1,exhausted,101.15,187.4,True,try1,2,0,0,2,10,6,6,4,
aerial,20260723016,5.0,6,try1,exhausted,101.15,187.4,True,try1,2,0,0,2,10,6,6,3,
aerial,20260723016,10.0,6,try1,exhausted,101.15,187.4,True,try1,2,0,0,2,10,6,6,6,
aerial,20260723018,1.0,6,try1,exhausted,103.65,141.5,False,try1,2,0,0,2,10,6,6,0,
aerial,20260723018,2.5,6,try1,exhausted,103.65,145.9,True,try1,2,0,0,2,10,6,6,0,
aerial,20260723018,5.0,6,try1,exhausted,103.65,145.9,True,try1,2,0,0,2,10,6,6,0,
aerial,20260723018,10.0,6,try1,exhausted,103.65,145.9,True,try1,2,0,0,2,10,6,6,0,
aerial,20260723023,1.0,6,try1,exhausted,355.0,141.1,False,try1,2,0,0,2,11,6,6,13,
aerial,20260723023,2.5,6,try1,exhausted,355.0,196.4,False,try1,2,0,0,2,10,6,6,10,
aerial,20260723023,5.0,6,try1,exhausted,355.0,283.3,False,try1,6,0,0,6,6,6,6,0,
aerial,20260723023,10.0,6,try1,exhausted,355.0,314.2,True,try1,6,0,0,6,6,6,6,0,
wheeled,20260723008,1.0,6,try1,exhausted,548.65,144.0,False,try1,2,0,0,2,10,6,6,,
wheeled,20260723008,2.5,6,try1,exhausted,548.65,226.1,False,try1,5,0,0,5,8,6,6,,
wheeled,20260723008,5.0,6,try1,exhausted,548.65,287.5,False,try1,3,0,0,3,9,6,6,,
wheeled,20260723008,10.0,6,try1,exhausted,548.65,325.7,True,try1,4,0,0,4,9,6,6,,
wheeled,20260723001,1.0,6,try1,exhausted,210.25,128.2,False,try1,2,0,0,2,10,6,6,,
wheeled,20260723001,2.5,6,try1,exhausted,210.25,147.7,False,try1,2,0,0,2,10,6,6,,
wheeled,20260723001,5.0,6,try1,exhausted,210.25,159.1,True,try1,2,0,0,2,10,6,6,,
wheeled,20260723001,10.0,6,try1,exhausted,210.25,159.1,True,try1,3,0,0,3,10,6,6,,
wheeled,20260723002,1.0,6,try1,budget,625.8,166.1,False,try1,4,0,0,4,8,6,6,,
wheeled,20260723002,2.5,6,try1,budget,625.8,189.8,False,try1,2,0,0,2,10,6,6,,
wheeled,20260723002,5.0,6,try1,budget,625.8,252.5,False,try1,2,0,0,2,10,6,6,,
wheeled,20260723002,10.0,6,try1,budget,625.8,326.4,False,try1,6,0,0,6,7,6,6,,
wheeled,20260723003,1.0,6,try1,exhausted,544.65,126.7,False,try1,3,0,0,3,9,6,6,,
wheeled,20260723003,2.5,6,try1,exhausted,544.65,164.2,False,try1,2,0,0,2,11,6,6,,
wheeled,20260723003,5.0,6,try1,exhausted,544.65,237.2,False,try1,5,0,0,5,9,6,6,,
wheeled,20260723003,10.0,6,try1,exhausted,544.65,292.1,True,try1,3,0,0,3,10,6,6,,
wheeled,20260723004,1.0,6,try1,budget,619.25,149.3,False,try1,2,0,0,2,10,6,6,,
wheeled,20260723004,2.5,6,try1,budget,619.25,209.7,False,try1,4,0,0,4,9,6,6,,
wheeled,20260723004,5.0,6,try1,budget,619.25,230.5,False,try1,4,0,0,4,9,6,6,,
wheeled,20260723004,10.0,6,try1,budget,619.25,262.3,False,try1,2,0,0,2,10,6,6,,
wheeled,20260723005,1.0,6,try1,exhausted,214.8,141.7,False,try1,4,0,0,4,9,6,6,,
wheeled,20260723005,2.5,6,try1,exhausted,214.8,157.4,False,try1,3,0,0,3,9,6,6,,
wheeled,20260723005,5.0,6,try1,exhausted,214.8,163.7,True,try1,2,0,0,2,11,6,6,,
wheeled,20260723005,10.0,6,try1,exhausted,214.8,163.7,True,try1,1,0,0,1,11,6,6,,
wheeled,20260723013,1.0,6,try1,budget,617.3,113.0,False,try1,3,0,0,3,9,6,6,,
wheeled,20260723013,2.5,6,try1,budget,617.3,149.0,False,try1,2,0,0,2,10,6,6,,
wheeled,20260723013,5.0,6,try1,budget,617.3,209.2,False,try1,1,0,0,1,11,6,6,,
wheeled,20260723013,10.0,6,try1,budget,617.3,261.3,False,try1,3,0,0,3,9,6,6,,
wheeled,20260723016,1.0,6,try1,exhausted,547.55,147.9,False,try1,3,0,0,3,9,6,6,,
wheeled,20260723016,2.5,6,try1,exhausted,547.55,189.5,False,try1,3,0,0,3,11,6,6,,
wheeled,20260723016,5.0,6,try1,exhausted,547.55,194.9,False,try1,4,0,0,4,8,6,6,,
wheeled,20260723016,10.0,6,try1,exhausted,547.55,244.0,True,try1,5,0,0,5,9,6,6,,
wheeled,20260723018,1.0,6,try1,exhausted,274.3,122.2,False,try1,2,1,0,3,9,6,6,,
wheeled,20260723018,2.5,6,try1,exhausted,274.3,138.7,False,try1,1,0,0,1,11,6,6,,
wheeled,20260723018,5.0,6,try1,exhausted,274.3,147.4,True,try1,2,0,0,2,10,6,6,,
wheeled,20260723018,10.0,6,try1,exhausted,274.3,147.4,True,try1,2,0,0,2,10,6,6,,
wheeled,20260723023,1.0,6,try1,budget,620.65,120.8,False,try1,2,0,0,2,11,6,6,,
wheeled,20260723023,2.5,6,try1,budget,620.65,142.1,False,try1,2,0,0,2,11,6,6,,
wheeled,20260723023,5.0,6,try1,budget,620.65,154.5,False,try1,2,0,0,2,10,6,6,,
wheeled,20260723023,10.0,6,try1,budget,620.65,279.1,False,try1,6,0,0,6,7,6,6,,
wheeled_nav2,20260723008,1.0,6,try1,budget,600.15,157.3,False,try1,3,0,0,3,9,6,6,,
wheeled_nav2,20260723008,2.5,6,try1,budget,600.15,172.4,False,try2,3,0,0,3,9,6,6,,
wheeled_nav2,20260723008,5.0,6,try1,budget,600.15,213.2,False,try1,4,0,0,4,8,6,6,,
wheeled_nav2,20260723008,10.0,6,try1,budget,600.15,282.8,False,try1,3,0,0,3,9,6,6,,
wheeled_nav2,20260723001,1.0,6,try1,exhausted,316.05,140.1,False,try1,2,0,0,2,10,6,6,,
wheeled_nav2,20260723001,2.5,6,try1,exhausted,316.05,162.4,False,try1,2,0,0,2,10,6,6,,
wheeled_nav2,20260723001,5.0,6,try1,exhausted,316.05,170.8,False,try1,2,0,0,2,10,6,6,,
wheeled_nav2,20260723001,10.0,6,try1,exhausted,316.05,170.8,True,try1,2,0,0,2,10,6,6,,
wheeled_nav2,20260723002,1.0,6,try1,exhausted,478.15,170.6,False,try1,1,0,0,1,11,6,6,,
wheeled_nav2,20260723002,2.5,6,try1,exhausted,478.15,175.2,False,try1,1,0,0,1,11,6,6,,
wheeled_nav2,20260723002,5.0,6,try1,exhausted,478.15,175.2,False,try1,1,0,0,1,11,6,6,,
wheeled_nav2,20260723002,10.0,6,try1,exhausted,478.15,175.2,True,try1,1,0,0,1,11,6,6,,
wheeled_nav2,20260723003,1.0,6,try1,exhausted,446.8,131.1,False,try1,2,0,0,2,10,6,6,,
wheeled_nav2,20260723003,2.5,6,try1,exhausted,446.8,156.3,False,try1,2,0,0,2,10,6,6,,
wheeled_nav2,20260723003,5.0,6,try1,exhausted,446.8,233.6,False,try1,4,0,0,4,8,6,6,,
wheeled_nav2,20260723003,10.0,6,try1,exhausted,446.8,240.1,True,try1,3,0,0,3,9,6,6,,
wheeled_nav2,20260723004,1.0,6,try1,budget,600.0,153.2,False,try1,1,0,0,1,11,6,6,,
wheeled_nav2,20260723004,2.5,6,try1,budget,600.0,158.7,False,try1,1,1,0,2,10,6,6,,
wheeled_nav2,20260723004,5.0,6,try1,budget,600.0,158.7,False,try1,1,1,0,2,10,6,6,,
wheeled_nav2,20260723004,10.0,6,try1,budget,600.0,159.1,False,try1,1,0,0,1,11,6,6,,
wheeled_nav2,20260723005,1.0,6,try1,exhausted,233.3,146.8,False,try1,1,0,0,1,11,6,6,,
wheeled_nav2,20260723005,2.5,6,try1,exhausted,233.3,156.9,False,try1,1,0,0,1,11,6,6,,
wheeled_nav2,20260723005,5.0,6,try1,exhausted,233.3,167.0,True,try1,1,0,0,1,11,6,6,,
wheeled_nav2,20260723005,10.0,6,try1,exhausted,233.3,167.0,True,try1,1,0,0,1,11,6,6,,
wheeled_nav2,20260723013,1.0,6,try1,budget,600.1,117.7,False,try1,1,1,0,2,10,6,6,,
wheeled_nav2,20260723013,2.5,6,try1,budget,600.1,146.4,False,try1,1,0,0,1,11,6,6,,
wheeled_nav2,20260723013,5.0,6,try1,budget,600.1,184.6,False,try1,0,0,2,2,10,6,4,,
wheeled_nav2,20260723013,10.0,6,try1,budget,600.1,269.8,False,try1,2,0,0,2,11,6,6,,
wheeled_nav2,20260723016,1.0,6,try1,budget,600.2,161.4,False,try1,4,0,0,4,9,6,6,,
wheeled_nav2,20260723016,2.5,6,try1,budget,600.2,190.8,False,try1,4,0,0,4,8,6,6,,
wheeled_nav2,20260723016,5.0,6,try1,budget,600.2,196.0,False,try1,2,0,0,2,10,6,6,,
wheeled_nav2,20260723016,10.0,6,try1,budget,600.2,196.0,False,try1,1,0,3,4,8,6,3,,
wheeled_nav2,20260723018,1.0,6,try1,exhausted,446.95,124.7,False,try1,2,0,0,2,10,6,6,,
wheeled_nav2,20260723018,2.5,6,try1,exhausted,446.95,129.6,False,try1,2,0,0,2,10,6,6,,
wheeled_nav2,20260723018,5.0,6,try1,exhausted,446.95,137.8,False,try1,2,0,0,2,10,6,6,,
wheeled_nav2,20260723018,10.0,6,try1,exhausted,446.95,143.6,True,try1,2,0,0,2,10,6,6,,
wheeled_nav2,20260723023,1.0,6,try1,exhausted,412.25,128.5,False,try1,3,0,0,3,9,6,6,,
wheeled_nav2,20260723023,2.5,6,try1,exhausted,412.25,131.9,False,try1,3,0,0,3,9,6,6,,
wheeled_nav2,20260723023,5.0,6,try1,exhausted,412.25,131.9,False,try1,3,0,0,3,9,6,6,,
wheeled_nav2,20260723023,10.0,6,try1,exhausted,412.25,131.9,True,try1,2,0,0,2,10,6,6,,
