arm,world,budget_min,tour_try,contact_episodes,contact_s
wheeled,20260723008,1.0,try1,8,238.6
wheeled,20260723008,2.5,try1,4,49.5
wheeled,20260723008,5.0,try1,6,127.4
wheeled,20260723008,10.0,try1,5,109.8
wheeled,20260723001,1.0,try1,0,0.0
wheeled,20260723001,2.5,try1,0,0.0
wheeled,20260723001,5.0,try1,4,65.6
wheeled,20260723001,10.0,try1,4,73.8
wheeled,20260723002,1.0,try1,0,0.0
wheeled,20260723002,2.5,try1,3,52.2
wheeled,20260723002,5.0,try1,6,153.4
wheeled,20260723002,10.0,try1,2,32.6
wheeled,20260723003,1.0,try1,3,75.1
wheeled,20260723003,2.5,try1,5,86.6
wheeled,20260723003,5.0,try1,2,49.4
wheeled,20260723003,10.0,try1,3,111.8
wheeled,20260723004,1.0,try1,7,152.5
wheeled,20260723004,2.5,try1,4,47.9
wheeled,20260723004,5.0,try1,3,30.8
wheeled,20260723004,10.0,try1,8,157.7
wheeled,20260723005,1.0,try1,4,13.8
wheeled,20260723005,2.5,try1,3,57.5
wheeled,20260723005,5.0,try1,8,127.4
wheeled,20260723005,10.0,try1,11,200.9
wheeled,20260723013,1.0,try1,3,42.9
wheeled,20260723013,2.5,try1,2,97.7
wheeled,20260723013,5.0,try1,8,182.6
wheeled,20260723013,10.0,try1,4,127.7
wheeled,20260723016,1.0,try1,2,43.9
wheeled,20260723016,2.5,try1,3,30.0
wheeled,20260723016,5.0,try1,2,2.3
wheeled,20260723016,10.0,try1,3,46.2
wheeled,20260723018,1.0,try1,5,90.5
wheeled,20260723018,2.5,try1,1,43.4
wheeled,20260723018,5.0,try1,4,79.2
wheeled,20260723018,10.0,try1,1,9.7
wheeled,20260723023,1.0,try1,8,124.9
wheeled,20260723023,2.5,try1,6,136.2
wheeled,20260723023,5.0,try1,3,31.3
wheeled,20260723023,10.0,try1,2,22.8
wheeled_nav2,20260723008,1.0,try1,0,0.0
wheeled_nav2,20260723008,2.5,try2,1,2.6
wheeled_nav2,20260723008,5.0,try1,0,0.0
wheeled_nav2,20260723008,10.0,try1,0,0.0
wheeled_nav2,20260723001,1.0,try1,0,0.0
wheeled_nav2,20260723001,2.5,try1,0,0.0
wheeled_nav2,20260723001,5.0,try1,0,0.0
wheeled_nav2,20260723001,10.0,try1,0,0.0
wheeled_nav2,20260723002,1.0,try1,0,0.0
wheeled_nav2,20260723002,2.5,try1,0,0.0
wheeled_nav2,20260723002,5.0,try1,0,0.0
wheeled_nav2,20260723002,10.0,try1,1,262.7
wheeled_nav2,20260723003,1.0,try1,0,0.0
wheeled_nav2,20260723003,2.5,try1,0,0.0
wheeled_nav2,20260723003,5.0,try1,0,0.0
wheeled_nav2,20260723003,10.0,try1,5,8.9
wheeled_nav2,20260723004,1.0,try1,2,220.1
wheeled_nav2,20260723004,2.5,try1,0,0.0
wheeled_nav2,20260723004,5.0,try1,2,77.3
wheeled_nav2,20260723004,10.0,try1,0,0.0
wheeled_nav2,20260723005,1.0,try1,1,1288.3
wheeled_nav2,20260723005,2.5,try1,1,1293.2
wheeled_nav2,20260723005,5.0,try1,2,1376.4
wheeled_nav2,20260723005,10.0,try1,1,1233.7
wheeled_nav2,20260723013,1.0,try1,1,68.3
wheeled_nav2,20260723013,2.5,try1,0,0.0
wheeled_nav2,20260723013,5.0,try1,4,11.0
wheeled_nav2,20260723013,10.0,try1,0,0.0
wheeled_nav2,20260723016,1.0,try1,2,154.4
wheeled_nav2,20260723016,2.5,try1,0,0.0
wheeled_nav2,20260723016,5.0,try1,3,373.5
wheeled_nav2,20260723016,10.0,try1,1,110.6
wheeled_nav2,20260723018,1.0,try1,0,0.0
wheeled_nav2,20260723018,2.5,try1,0,0.0
wheeled_nav2,20260723018,5.0,try1,0,0.0
wheeled_nav2,20260723018,10.0,try1,0,0.0
wheeled_nav2,20260723023,1.0,try1,3,4.2
wheeled_nav2,20260723023,2.5,try1,0,0.0
wheeled_nav2,20260723023,5.0,try1,1,244.3
wheeled_nav2,20260723023,10.0,try1,0,0.0
