seed,spawn_room,pxw,pyw,door_S,door_N,door_W,door_E,anchors,spawn_exit_min,spawn_exit_max,rooms_at_0_66,rooms_at_0_75,rooms_at_0_85,clutter_pct,n_obstacles,v1_map_unknown_pct,v1_wall_coverage_pct,v1_goals_truth_feasible,v1_v8_status,v1_v8_real,v1_v8_fake,v1_v9_status,v1_v9_real,v1_v9_fake
20260723001,NW,4.69,-2.84,0.79,0.67,0.55,0.89,SE,0.55,0.67,4,1,1,9.0,17,17.8,88.6,1,CAGE,1,0,CAGE,1,0
20260723002,SW,4.35,4.43,0.89,0.69,0.62,0.87,SE,0.62,0.89,4,3,3,7.8,13,30.8,68.4,3,PARTIAL,1,0,PARTIAL,1,0
20260723003,SE,-4.57,3.15,0.95,0.52,0.56,0.79,SE,0.79,0.95,3,3,2,11.4,13,36.2,69.2,3,PARTIAL,1,0,PARTIAL,1,0
20260723004,NE,-3.15,-4.74,0.56,0.83,0.7,0.78,NE,0.78,0.83,4,3,1,8.8,13,45.9,55.6,4,DELIRIUM,0,1,WEDGED,1,0
20260723005,NW,4.45,-2.77,0.8,0.56,0.91,0.65,SW,0.56,0.91,3,3,2,9.0,18,47.9,57.7,4,FAIL,0,0,FAIL,0,0
20260723006,SE,-4.02,3.56,0.8,0.77,0.7,0.88,SE,0.8,0.88,4,4,2,9.2,15,42.0,73.0,4,DELIRIUM,0,2,WEDGED,0,0
20260723007,NW,2.4,-2.72,0.94,0.67,0.86,0.72,SW,0.67,0.86,4,3,3,8.5,14,45.3,63.0,4,WEDGED,0,0,UNVER,0,0
20260723008,NE,-4.09,-4.46,0.78,0.91,0.84,0.76,NW,0.76,0.91,4,4,2,8.0,12,14.9,92.1,4,WEDGED,1,0,PARTIAL,1,0
20260723009,NE,-4.61,-4.82,0.87,0.61,0.94,0.77,SW,0.61,0.77,4,4,1,8.8,13,46.9,55.2,4,FAIL,0,0,WEDGED,0,0
20260723010,NW,3.68,-3.94,0.77,0.68,0.84,0.5,SW,0.68,0.84,4,3,1,9.2,15,49.8,54.9,3,PARTIAL,1,0,PARTIAL,1,0
20260723011,SW,4.07,2.61,0.56,0.73,0.6,0.93,NE,0.56,0.6,1,1,1,9.8,13,53.8,54.7,4,CAGE,1,0,CAGE,1,0
20260723012,NE,-3.93,-3.63,0.75,0.75,0.65,0.81,NE,0.75,0.81,4,4,1,9.8,15,47.1,53.8,4,PARTIAL,1,0,FAIL,0,0
20260723013,NW,3.88,-3.77,0.57,0.74,0.73,0.94,NE,0.73,0.74,4,1,1,9.5,14,49.9,54.1,4,PARTIAL,1,0,PARTIAL,1,0
20260723014,NE,-3.51,-2.79,0.56,0.84,0.94,0.53,NW,0.53,0.84,3,3,1,10.2,16,29.3,55.8,3,FAIL,0,0,WEDGED,0,0
20260723015,NW,4.46,-3.16,0.53,0.94,0.84,0.68,NW,0.84,0.94,4,3,2,10.2,14,48.5,58.2,4,FAIL,0,0,FAIL,0,0
20260723016,SE,-4.44,4.62,0.93,0.69,0.87,0.77,SW,0.77,0.93,4,4,3,9.5,15,19.8,87.6,4,FAIL,0,0,PARTIAL,1,0
20260723017,NE,-4.06,-4.38,0.88,0.78,0.79,0.74,SW,0.74,0.78,4,4,1,10.4,14,25.4,80.1,4,DELIRIUM,0,2,WEDGED,0,0
20260723018,SW,2.63,2.91,0.51,0.82,0.67,0.81,NE,0.51,0.67,4,1,1,9.4,16,55.2,50.4,4,CAGE,0,0,CAGE,0,0
20260723019,NW,3.49,-4.03,0.56,0.74,0.65,0.77,NE,0.65,0.74,3,1,1,8.7,13,30.3,67.5,3,WEDGED,1,0,FAIL,0,0
20260723020,SE,-2.44,4.2,0.82,0.66,0.72,0.66,SW,0.66,0.82,4,2,1,7.9,15,18.2,84.7,3,CAGE,1,0,CAGE,1,0
20260723021,SW,3.13,3.96,0.54,0.81,0.91,0.74,NW,0.54,0.91,4,3,2,7.7,15,37.6,47.6,4,DELIRIUM,0,1,WEDGED,0,0
20260723022,SW,2.36,3.5,0.95,0.51,0.57,0.78,SE,0.57,0.95,3,3,2,9.2,16,29.1,66.9,3,FAIL,0,0,PARTIAL,2,0
20260723023,SW,4.43,2.42,0.66,0.87,0.77,0.95,NE,0.66,0.77,4,4,1,11.0,17,39.1,67.7,4,FAIL,0,0,WEDGED,0,0
20260723024,NE,-3.95,-3.31,0.52,0.72,0.85,0.67,NW,0.67,0.72,4,1,1,10.4,15,50.4,47.5,3,WEDGED,0,0,WEDGED,0,0
20260723025,SW,4.48,4.71,0.69,0.82,0.67,0.81,NE,0.67,0.69,4,1,1,11.3,17,32.8,65.9,4,PARTIAL,1,0,FAIL,0,0
